id,labelID,issueID
1_RIDhbtCMYjN__rMCRgr,2GNFSsA-7a4YdhgRZZy3V,825uNA1KIadsCym9rqomu
BdonRSaO-TVqX6HOM6g90,2GNFSsA-7a4YdhgRZZy3V,dMOn1njXnk8GfSlW1AatZ
kjH4ZFga0zpBcW7BZMKgI,KAPd6tj2_c17mW1_UMHIi,aSD3zJrjaHqWXIA_vul0T
2PO0EozW4baROeBz1CWLW,Pqw3oMyjK7X3yXeui6jv_,aSD3zJrjaHqWXIA_vul0T
HxFrLwx3FAzqoEHPskpNv,Pqw3oMyjK7X3yXeui6jv_,aaoKPB8c1IxQ0mHrcjdaq
hgqTdM4ydXnK_RLSbIzjN,d6fGo7qJbjzd3GTX-gPQn,zbUB4KV5DYLuhXVpV0Fna
KX8RGimcL4IMno_ntGihL,KAPd6tj2_c17mW1_UMHIi,uxP375c6kteH3j0JrzjYa
D4-rHDJMxYCEGPGAmbfka,d6fGo7qJbjzd3GTX-gPQn,uxP375c6kteH3j0JrzjYa
K40DZL8LAkHZz1v2_eT5N,KAPd6tj2_c17mW1_UMHIi,vL54gIg_sUPsqiEXQYN_6
w9esYvrb2QBm4zPscByqP,d6fGo7qJbjzd3GTX-gPQn,r64w2FV0LuX9_VG-DFExL
qX7CDGUTCTR2qKCWIGTn6,d6fGo7qJbjzd3GTX-gPQn,56YfS4_SNT8czBSQknf6Y
h6B-vkigXEFBr-FVQp0gY,d6fGo7qJbjzd3GTX-gPQn,r6nN0adA_7uV6DtX2qqk6
-TJNIfxghWjjDa30E_cHz,d6fGo7qJbjzd3GTX-gPQn,d95KsxmK2YeExJlOF6u8K
KCp1Ngn8RjA6c74V7kRDN,d6fGo7qJbjzd3GTX-gPQn,mnDfglu8CX6OwmWc00FiH
zbNnUmCVQmgJYX1bsWprJ,d6fGo7qJbjzd3GTX-gPQn,O2_MBejvWiBSrdHOo1H56
1gm4poK2RjML7Xajrg1Ef,Pqw3oMyjK7X3yXeui6jv_,NP2I0LxeaNjWMyQbm0AAi
Wx4I63B9IHlaVqM87TWQZ,2GNFSsA-7a4YdhgRZZy3V,68QvpAYyLafcekMvxzERg
0cQuFLjlYDxAqZBrtjN5k,Pqw3oMyjK7X3yXeui6jv_,34wMICwPhyoWC0HGeAlKx
8yZntRTx0S_WuFhO1O14z,Pqw3oMyjK7X3yXeui6jv_,-SAt--W9TFTMzK0ARD5WH
zcFhds5AQhfqc71DQTw3_,Pqw3oMyjK7X3yXeui6jv_,U3ExL93H2np9nawt8x0xi
8I5tNeu8sg2TnWZnxb5oD,Pqw3oMyjK7X3yXeui6jv_,B-xHsL_vIo-D4BKP3yfWs
57poY6ju0FXEV4MslKJ0u,rEV7JqSk6FKogynDiVcSp,qruz5_b5R8eH9P-WzH9dI
ZWW40ZAGCGyfT3Csc-zcX,Pqw3oMyjK7X3yXeui6jv_,7OPty4hGcFCnDOghgxV59
nHJyiwK5p-R6ImJi7VNJj,-xQWalO6_URVe84pyQINm,gdcPHEpUsN7i8_sz--nNh
NxGl7eX_6XVu4CPNi1HPR,Pqw3oMyjK7X3yXeui6jv_,gdcPHEpUsN7i8_sz--nNh
GeYO32Ki82hMlP8Join41,KAPd6tj2_c17mW1_UMHIi,DSxdwpH3Gm-7ISZoz7hP6
kSdPaknie-j4PJwyESRDk,Pqw3oMyjK7X3yXeui6jv_,DSxdwpH3Gm-7ISZoz7hP6
Bs83bOoRSbY3gLjJ7z9uf,rEV7JqSk6FKogynDiVcSp,yfBO-bKTsCfb7mT4iHrdi
q1_xQz8EpD8LRPhshOFDD,b-v2Df_Ixd6LuJM6DwCvn,Pfdg97Q_ZEV2qdb1xzk0n
EHnPsAvl-R1BenK3K-K3v,2f_vagu8bJACYRskycysT,Pfdg97Q_ZEV2qdb1xzk0n
N-ZFf0oqZICJP_oqhwHef,Pqw3oMyjK7X3yXeui6jv_,Pfdg97Q_ZEV2qdb1xzk0n
s_lh4fSTND1QiwjcXgtGf,b-v2Df_Ixd6LuJM6DwCvn,6Sv717dod5JrmOO0LZlGY
2Vjjj53LkDImTNLejpipI,Pqw3oMyjK7X3yXeui6jv_,Ya8pNQP8j83b_ncM3va8o
y4YHu6_am7RlNRu15I2AW,Pqw3oMyjK7X3yXeui6jv_,O1hdLrhNQMwQY6x4cLUYj
pXuaQXTOLrvY4s-F7SyqG,Pqw3oMyjK7X3yXeui6jv_,H6GvJCNVNhz4uXpCSW-XA
RJvQxUewYBuYKHmhmwd44,Pqw3oMyjK7X3yXeui6jv_,ABhv0lRZp2MFIt3TzooWx
mKZSm-zTJpPOacr9Ram3s,KAPd6tj2_c17mW1_UMHIi,dlUwvkxuWTWFHahoUtQMn
IRTploHJs9PUgqAz2bcKh,b-v2Df_Ixd6LuJM6DwCvn,dlUwvkxuWTWFHahoUtQMn
PgarJMGfGS54pZlkv1M0r,2GNFSsA-7a4YdhgRZZy3V,dlUwvkxuWTWFHahoUtQMn
obN-xZ6ROiQTGXWYli-Kg,Pqw3oMyjK7X3yXeui6jv_,W58xmTkUaJd4dXNiZe0-p
XY3dU43M-JztCAAgjSs6I,2GNFSsA-7a4YdhgRZZy3V,D7tKFPOvXClS3te2kxJPu
dpZEVRPW02YN7X-5Aty_l,Pqw3oMyjK7X3yXeui6jv_,QNxEzI6GW9dBDrws47wV7
g-1JnNwaklySEwUR5_8Ac,Pqw3oMyjK7X3yXeui6jv_,KBOZLG4HJTHvPoXt7V7Zw
fkbp9T_yTDPtNCs_WOhHa,Pqw3oMyjK7X3yXeui6jv_,hVN4GtateVLYS2o6GySXD
1MkySCyL8rAmoXHX2IHVz,2GNFSsA-7a4YdhgRZZy3V,U8C-ic0HerWG70yp_AkX-
I_KLGGqFYSZDZebgjkqWY,Pqw3oMyjK7X3yXeui6jv_,gdWhrjNiY8Rq1jMfOqYFI
CZFPYqqU4_pfp2GpdiLpX,2GNFSsA-7a4YdhgRZZy3V,PP7a_x4gsIRCWQFK7aw3d
l9w9kOwBT294slwX-CPrn,Pqw3oMyjK7X3yXeui6jv_,mZwUf_F68ci0U63rWObLy
mwyxa1z2df-KuZvshIRn1,Pqw3oMyjK7X3yXeui6jv_,acIkTD3UGr1RACjdqqkwb
p_lv0Px0c9fUqvUcYtSXx,Pqw3oMyjK7X3yXeui6jv_,dtYtDG6UwraQfvMscazpm
i6PtTk5UX7WahPYQJb1cq,2GNFSsA-7a4YdhgRZZy3V,LCFm9aZeolvMexGTlHsMO
Wywwx9nDsHD1yKI_reCir,2GNFSsA-7a4YdhgRZZy3V,-GQ2ilvBawgiVNXZ-VQai
3EzK_Niq9G3kIxOoXLHC4,Pqw3oMyjK7X3yXeui6jv_,5ul3k18gmp7ufrTwseFrN
MDzroog-BNb6AyIxHQ0ZO,rEV7JqSk6FKogynDiVcSp,uEuoNFq0M46OL1y16Ds1m
Pi6252Dl3A2A4Z1HvNSIc,sfYYHszP9czSpYjPXffUU,HW1G8SJPVy3DOgsxWyFV3
E4nTGieWM4o7p4a3qVdDr,-LizRQ3BWtjt5fppF6sFD,HW1G8SJPVy3DOgsxWyFV3
yDj7i1QZs_xCkb6Wl-Wtb,Pqw3oMyjK7X3yXeui6jv_,HW1G8SJPVy3DOgsxWyFV3
oGTTcRdz75am5NhVEhtMK,rEV7JqSk6FKogynDiVcSp,gxP1G-YjrV2RtsV7pNiyg
Soygb92VmzXAg0r_SLoL0,-LizRQ3BWtjt5fppF6sFD,IOvUCEaS8dcX1Cvd6Kc8D
XxdivsgCyVn5xRWDWGE-4,b-v2Df_Ixd6LuJM6DwCvn,IOvUCEaS8dcX1Cvd6Kc8D
CDMdyQvchb0UV34EaqS-k,2GNFSsA-7a4YdhgRZZy3V,IOvUCEaS8dcX1Cvd6Kc8D
A_pRcuISBmiRmYNhXHU8Y,5vvkoP2CRYlT2Pw238RIp,UMKZl6WrEPZA-MimA1d3k
PEyrPhlFgKmpCokX0KUMy,Pqw3oMyjK7X3yXeui6jv_,-oGxaEW_i996JjjGoemwj
lbeGqbBwbBKK3ksOLBIA4,Pqw3oMyjK7X3yXeui6jv_,FQi35nBcXrjbcS5d4UtRj
MJ90iJLUOuoYY9j6KFG36,5vvkoP2CRYlT2Pw238RIp,6OsqnDMPBW04roHo6r3Xh
Gtt4EFXB8O7GtbGdTBfI3,Pqw3oMyjK7X3yXeui6jv_,6OsqnDMPBW04roHo6r3Xh
GXas7VzUSvXzj0d1eVixq,Pqw3oMyjK7X3yXeui6jv_,KuKUbYE8Bril16Ac26NDR
f_0_fombeLf5s3IVi_NGU,Pqw3oMyjK7X3yXeui6jv_,rcPJzwfhzlGawxcol6TDp
WFab-LkhS-Kd8z4VOcG1z,Pqw3oMyjK7X3yXeui6jv_,g7_JI7uiq9IOUoC-Ey4RP
a5mQumuiocCJQhPlj5x4y,Pqw3oMyjK7X3yXeui6jv_,rvQJvX3duTYntOfkVCrlD
1-w8G76koO2j7XSvnL9P9,5vvkoP2CRYlT2Pw238RIp,tk25BH72L_2ikfmQ9PObm
H_3LO-EMYE92kW1wIvfQH,Pqw3oMyjK7X3yXeui6jv_,tk25BH72L_2ikfmQ9PObm
qi7IJBGkazEX6ubelavG2,Pqw3oMyjK7X3yXeui6jv_,PGvnKyng4TYy7gBI9uNDM
FTiMtnCb3BopYPg7n2uuC,Pqw3oMyjK7X3yXeui6jv_,xjGGndYoLStKbkVEbA2rs
1vAszlWGiu3MyGpYewOXO,Pqw3oMyjK7X3yXeui6jv_,HA0ABwYCo_R1jJS3VY9i3
LXT3DoFmqCGDHFOdzhqwT,Pqw3oMyjK7X3yXeui6jv_,aFDOwHNYylAx-MoEPEeqe
wk3wQwyUBhojAUawUCqXo,Pqw3oMyjK7X3yXeui6jv_,sWyJ6xifx2AVN0Nxt2GNC
T6PAspAzAYKSB8nhjGpVr,Pqw3oMyjK7X3yXeui6jv_,WM5bGkGOOcQtUqmnutdgE
BySgXlizPjdGQb1yfHvof,Pqw3oMyjK7X3yXeui6jv_,5W39r2eLVEK8aP1bQGAZH
xpmG-1o7F4A_Gz-3ex1MT,Pqw3oMyjK7X3yXeui6jv_,YqW-rD-3ITQmzxhvjSwez
7k4_D46fw-1hEM-AuO9dN,Pqw3oMyjK7X3yXeui6jv_,a8dgfeFKIix0Yg-oCcyS-
d_ZxeFug0LDN7s77q55DV,nFsp-kyJ9e610KL5iQBNE,hkkenEXn5cOtGFYina6Y_
IdGZnzNGqlmglL9AI0THD,Pqw3oMyjK7X3yXeui6jv_,hkkenEXn5cOtGFYina6Y_
gbs2uDhLs2rSnRYP8q40g,nFsp-kyJ9e610KL5iQBNE,p1xgwjbd7sC_yasvwrT6x
VjgGO2_95uEXyC8pu7UjQ,Pqw3oMyjK7X3yXeui6jv_,p1xgwjbd7sC_yasvwrT6x
rfEaQTQQ7wHQ7vVR0oS5f,Pqw3oMyjK7X3yXeui6jv_,4ILxqqsKO0qNAqgQKvLEN
X2sJ6-7A_LT8sDBC_dlwf,Pqw3oMyjK7X3yXeui6jv_,hsX3N5BVNbkzDrLmaaKlb
mJ9dGtL-7dTuMuZmjAxWg,oVk7SjbtVAlMeLbfhu9f6,hsX3N5BVNbkzDrLmaaKlb
pWhbbFimSjKm_B4Z6HWzs,2GNFSsA-7a4YdhgRZZy3V,vHYO4ncNlaCneFBgyq-Cl
2oUyt4fCJgrzuoLKl4tlQ,Pqw3oMyjK7X3yXeui6jv_,vHYO4ncNlaCneFBgyq-Cl
pajLUSt-_2DCYv904zujU,oVk7SjbtVAlMeLbfhu9f6,vHYO4ncNlaCneFBgyq-Cl
7VwuYHped1nf5GIeFVgB7,nFsp-kyJ9e610KL5iQBNE,i5addA7ZbVDMdCE0vtI7f
VMBdkZVhSFV8LTSPjxI-Z,2GNFSsA-7a4YdhgRZZy3V,i5addA7ZbVDMdCE0vtI7f
lygXeAZ1PJJJJ91afUpCo,nFsp-kyJ9e610KL5iQBNE,KZdtuGqEjuikQwtUGprYA
kXbIIWwg_xlBQgt96oPYC,Pqw3oMyjK7X3yXeui6jv_,KZdtuGqEjuikQwtUGprYA
fwLhza2Q3lyyx3cc5iGKP,Pqw3oMyjK7X3yXeui6jv_,im1I4kjQNYEUreRSOq6uB
jgQgTMUcHiU0bPjySFxV4,nFsp-kyJ9e610KL5iQBNE,JqQczm7l5yme8hTIUzwDe
xUr10m5XNTt6iRQgbtdMv,Pqw3oMyjK7X3yXeui6jv_,ATECZurt08wsexQOT0rCG
OFZVUu3n3yIzT1-5CmaKU,nFsp-kyJ9e610KL5iQBNE,K4QdjpNQGubsTwmKZB199
K8xnf-0DmuDUILq1n40qs,nFsp-kyJ9e610KL5iQBNE,tlnYm8cJhPlfrZP_En3a5
iWIpfv6dervetaJF9uNlo,Pqw3oMyjK7X3yXeui6jv_,tlnYm8cJhPlfrZP_En3a5
erK-0VpNeSP8qkF0UmNHr,Pqw3oMyjK7X3yXeui6jv_,yG8aQpsv5l5CfYr_rknfj
ich3G0VVPBMOIgxuajuNt,oVk7SjbtVAlMeLbfhu9f6,yG8aQpsv5l5CfYr_rknfj
P78FdCu1c51j71W4vqTFg,KAPd6tj2_c17mW1_UMHIi,MvkutN4hBTuFBpg_eA7rd
lMD4nQH_xEVB3IVx9z7UX,nFsp-kyJ9e610KL5iQBNE,MvkutN4hBTuFBpg_eA7rd
aHgLZfZXFZBnERPmRpWKn,Pqw3oMyjK7X3yXeui6jv_,LcHlX6VfDie-7cjB8AUnS
whodqW6LCx4i-8GNYrEn4,Pqw3oMyjK7X3yXeui6jv_,plRFzbx3Cf3gRWumSVNb2
SDBlaj7vZVM9tUjOOKV6E,nFsp-kyJ9e610KL5iQBNE,w4Bz9Xr7TaLvu0dSdMhzh
hk8sbW5x1TmkjNPRXRDpn,Pqw3oMyjK7X3yXeui6jv_,w4Bz9Xr7TaLvu0dSdMhzh
5aq_V-aZWWZ2ni5D46M6a,2GNFSsA-7a4YdhgRZZy3V,JWsvz0PNaZFsXWuI8LlTC
T-RVIz-lprr6nH_txDm39,Pqw3oMyjK7X3yXeui6jv_,JWsvz0PNaZFsXWuI8LlTC
g5I0ynJGonXu7RKdljtgm,Pqw3oMyjK7X3yXeui6jv_,Beia3fPQN6H2inGfvMeUQ
YgvlbWZmnhxR4fZNNQmic,nFsp-kyJ9e610KL5iQBNE,mks1qkZfOhtdirCGX09XF
nB9xy4c5d2syIv5LBunTy,2GNFSsA-7a4YdhgRZZy3V,vGGcv28tpOGqstUs7Nmdy
f-LXwP4zmoMvGhC3l5M4Y,Pqw3oMyjK7X3yXeui6jv_,7mAJmz1NRzEvBXSE2sd1n
83mNR_mm9wdz8MtBKuwyv,2GNFSsA-7a4YdhgRZZy3V,aibThPE-7jKKBH7ySLLoB
3d-vK2wSJrK8nlbginJ9u,oVk7SjbtVAlMeLbfhu9f6,aibThPE-7jKKBH7ySLLoB
lMxl89ozFabUiJv8czf94,2GNFSsA-7a4YdhgRZZy3V,BHSuBAK4IMe3RahmlxeN3
XquUGGA7_5AzGtemt0sCI,oVk7SjbtVAlMeLbfhu9f6,BHSuBAK4IMe3RahmlxeN3
GvKe72eZ4E8lOk6lnTx1z,Pqw3oMyjK7X3yXeui6jv_,cEj5ojbUXgfqiLMMCZB1r
DmEmu5hy7MB8BGY5S6pGv,Pqw3oMyjK7X3yXeui6jv_,uJeN8fc-6yRNj3W263mjb
HUzikfHyqcgFGgbKmTcOj,nFsp-kyJ9e610KL5iQBNE,YPYCpB2t_7NV17ULWCVUR
YA7_hfdmdYFSBwvLjbccI,2GNFSsA-7a4YdhgRZZy3V,YPYCpB2t_7NV17ULWCVUR
JU_6dmQ15iYu3WoCbn5Xv,Pqw3oMyjK7X3yXeui6jv_,YPYCpB2t_7NV17ULWCVUR
aBHufXyc96XrMv4FS72K2,Pqw3oMyjK7X3yXeui6jv_,FMP8Moln9iupMpBHXzowX
X8KT7ElxpoN9rW5uRWotc,Pqw3oMyjK7X3yXeui6jv_,WBvPzz2bMZOs0YhNxLyRX
-vN9NY94xf1xqUDtRA9WG,2GNFSsA-7a4YdhgRZZy3V,xTx85MGaIwQlGdCogK3fz
cWpnmytSRWQtbNyD-wa3m,MZtqd3TMUUNfy6QndQpft,xTx85MGaIwQlGdCogK3fz
7hQXsigW1R_6n3mXbR-xy,CkqubiPCNnWE8G5P7SS7e,9IcyRpJVs2XV3gtxygQX6
TGptOord6cNaSVXbW-gcX,2GNFSsA-7a4YdhgRZZy3V,9IcyRpJVs2XV3gtxygQX6
Chiuhb4Qg8V5MjGmPTk9a,Pqw3oMyjK7X3yXeui6jv_,3g20NCDfxRC7dbhtfMWc1
AA0HcK0ZO5Px_rIq_MbXH,Pqw3oMyjK7X3yXeui6jv_,Zxlu7TLPzWdr8yQE939Eb
01r6_UqvAK09LU5H7Mgz3,Pqw3oMyjK7X3yXeui6jv_,JzrBXwVuwlP_rYCvqPsD5
m346H0ChmZoi7cgb0SN4i,nFsp-kyJ9e610KL5iQBNE,hqmEuh0TaIPLogiLvxUUr
VQ4ClCIv0EiNZ6XDbtyeu,Pqw3oMyjK7X3yXeui6jv_,hqmEuh0TaIPLogiLvxUUr
tG1tuAor30E0ZOxrjJlz6,nFsp-kyJ9e610KL5iQBNE,jmep_L9w2YEvahvk7r2-O
kSY-IJUV5RG1NCJaoOGUC,Pqw3oMyjK7X3yXeui6jv_,jmep_L9w2YEvahvk7r2-O
wdLSMY_yqTaaXjhibsGne,Pqw3oMyjK7X3yXeui6jv_,-HL-I-GjY9xO35rzpk-nm
yZf3jcz6ZpYlMnv9LgBcc,2GNFSsA-7a4YdhgRZZy3V,btwTd7sx__kjIXs07lrai
BXbt02kxGX6y3snyGnq6l,Pqw3oMyjK7X3yXeui6jv_,Q4PFsuEhGxwXlhezVQEKb
RDkVgoh-KKsiNiunLgnAv,Pqw3oMyjK7X3yXeui6jv_,U3qzW8ePqkerN1nD3RwlE
0JxXiWLCbHwo4O-MnvGuF,nFsp-kyJ9e610KL5iQBNE,5aicuZ5DqCf7NOshxj3KG
qX19tOmImXJ7LR5MQfvQ5,2GNFSsA-7a4YdhgRZZy3V,5aicuZ5DqCf7NOshxj3KG
jPGYmd2Db5giC7h-wgCkF,Pqw3oMyjK7X3yXeui6jv_,QGrY-5W1jsGMOXW46ZfC4
AM1tqve5pvpiWzVb_QFTP,Pqw3oMyjK7X3yXeui6jv_,Y_qvCyiM2c863usVIJzTA
IPTXW35PzV3Eq52lXTzaD,nFsp-kyJ9e610KL5iQBNE,mo5HrudpV9kv3dq5IGzMn
D-FRxOEILBl3Liih16hHq,MZtqd3TMUUNfy6QndQpft,mo5HrudpV9kv3dq5IGzMn
Bm-pELjQqa4NwofYMB6ag,nFsp-kyJ9e610KL5iQBNE,_sA61W3w3UegtAYBcBrZT
P2G-EClyQmvlDGhTsOJdW,Pqw3oMyjK7X3yXeui6jv_,_sA61W3w3UegtAYBcBrZT
GVgKNQepO_4dET7eVwyQD,Pqw3oMyjK7X3yXeui6jv_,VFGLaKg3NnKFmYr-MOjXx
D8hhx25bPPV9dMz0iAXLi,Pqw3oMyjK7X3yXeui6jv_,E5oiZKdIo7TZQlnbrtHUL
a1cF12IWxuV7fwohXHp1s,MZtqd3TMUUNfy6QndQpft,ScKPnUhDxioBb_mNB-9ZV
1ArHKaCi-XvnksDr9Qmc3,MZtqd3TMUUNfy6QndQpft,LCOFyQPR-dontTjKaEJa6
Hww0_MNJ9ADXSo9tx_luR,MZtqd3TMUUNfy6QndQpft,0dx2izp_1USUeQdGxHrZC
RV9wu76NFD5WTeEOoUw6u,Pqw3oMyjK7X3yXeui6jv_,YKLzIdDC4m2hPP6OCxlqb
505YfYWherrDC9fmlQP9-,nFsp-kyJ9e610KL5iQBNE,GmJPGT7e39J-BsX-1dzkE
tvvab4ckPOZiAFl47suBS,Pqw3oMyjK7X3yXeui6jv_,GmJPGT7e39J-BsX-1dzkE
1ccfRjdfRvgPBKPw5Kvke,Pqw3oMyjK7X3yXeui6jv_,GnBCfpwoDKb7ArYmZW0Qt
aTdsiZJMbt7ThML6jLOL2,Pqw3oMyjK7X3yXeui6jv_,bcNC20iyvYOqQXrUAL90H
lCDYyAkmqcAxlmZSmjV0Z,Pqw3oMyjK7X3yXeui6jv_,s7FlS8Yr7mNciA7FnDbO4
kcMb5nWHNpvb9yrAvk1Ki,Pqw3oMyjK7X3yXeui6jv_,2ryoitv_VGmQ5Xz0TH191
8w9JrJbnEE3IiKDO4M5Mr,Pqw3oMyjK7X3yXeui6jv_,jZeylrFxJIfMKw_xK5qIK
4ZKwVESne7DGHemwS-8Zi,Pqw3oMyjK7X3yXeui6jv_,S-TzWiHLi5o__ClTi9l98
zpyDzA6tnS-6WoYy8AuXr,nFsp-kyJ9e610KL5iQBNE,PbOsZd0nn4KfTzlmwrnAU
0fbvE4fN4qsNmXNbPyo0O,Pqw3oMyjK7X3yXeui6jv_,PbOsZd0nn4KfTzlmwrnAU
FCewf5QFFjLbEKXg6hGkO,Pqw3oMyjK7X3yXeui6jv_,ypGk2-KEbC-QgGgcnXy9c
CdMtH1Fihtg1nM1Ss2U_V,Pqw3oMyjK7X3yXeui6jv_,Y3p18B7y_VN8jcsDu6TFC
ZeCddL6ED4TkrWKUE3_tC,Pqw3oMyjK7X3yXeui6jv_,Z9G7QBvfSjreNb46YOjIH
fU1NbRjNqpHkfgpkd_yXo,Pqw3oMyjK7X3yXeui6jv_,J37iUVshx3HNS-T7LxIu8
_BO9BwK6iQPcgM39N_CDn,Pqw3oMyjK7X3yXeui6jv_,WhS7i1OvEA0XxuVFegYDB
j-9CA_6xmCOmUDFbB6JLv,Pqw3oMyjK7X3yXeui6jv_,KT99yaXv7dJjMOtr7x592
CDd2P534hUAX7ZZyYvh4C,nFsp-kyJ9e610KL5iQBNE,kAvc9QBXZ4F7NxEvhhD5B
MhF_JPrsKDoiVdC3a1hMZ,Pqw3oMyjK7X3yXeui6jv_,kAvc9QBXZ4F7NxEvhhD5B
o-MKUSHyzAdxAyxZ8lKxG,Pqw3oMyjK7X3yXeui6jv_,M4c0IxWsyx3vltzeKjE8G
vWhVPPmEGRXdWAgJdXToR,Pqw3oMyjK7X3yXeui6jv_,8NYaB9Rv8EuJ2dfHyHN4e
Zv1eN9F6ezLbd_bOreIaB,nFsp-kyJ9e610KL5iQBNE,TQnMZt4srmpobk5h3NhpX
w13hFdFYkmultKWdRh4O5,Pqw3oMyjK7X3yXeui6jv_,TQnMZt4srmpobk5h3NhpX
u-YJ4nGp-d_O-aokPLzIr,Pqw3oMyjK7X3yXeui6jv_,gVARpuhaNy0nXCyBUVpdw
S4w_0dHw03labmEShu8w1,2GNFSsA-7a4YdhgRZZy3V,lfhMB1YioWh5vlsfNtNjJ
W_7MTcq5hEefUS6Fy20Dg,nFsp-kyJ9e610KL5iQBNE,NGurvxoT5cfFPqBTAyElr
Xh48oVcB_1Xg6B4IOCYxU,Pqw3oMyjK7X3yXeui6jv_,NGurvxoT5cfFPqBTAyElr
Eep0qsl5ZWauXey1GUCl9,6T5Q6ggUO2kzfHqYzBHE2,NGurvxoT5cfFPqBTAyElr
W-zdww2m6bAjsNoEQ3thR,Pqw3oMyjK7X3yXeui6jv_,5nuDi3EXeZH1J4EckE4Lr
gJ1i-6M7kVuE2sfkb9SBD,b-v2Df_Ixd6LuJM6DwCvn,cTwqSvZ-I08hUGWt9_RrX
CHq4dj_3KaWno4SzGy5Zh,2GNFSsA-7a4YdhgRZZy3V,cTwqSvZ-I08hUGWt9_RrX
Y51ZvW6WBUQ0yhbmCRvV5,nFsp-kyJ9e610KL5iQBNE,HoGZ0t7OGxQbx_Kc3fCV6
Df8WezG_Z16wnfzvKcFjF,Pqw3oMyjK7X3yXeui6jv_,HoGZ0t7OGxQbx_Kc3fCV6
e7PCyJVqPd_Y8k_eyWOV5,6T5Q6ggUO2kzfHqYzBHE2,HoGZ0t7OGxQbx_Kc3fCV6
UDrIx1ybaLpFdX94i4TXF,Pqw3oMyjK7X3yXeui6jv_,1-KgQ_O-1O42XZI3MIZEC
_h_NXm45_KVam_StM2ds1,6F8M8QFv6SgoHUV-6esHW,1-KgQ_O-1O42XZI3MIZEC
6NLrthPc1yAAKBR-NBH_Y,Pqw3oMyjK7X3yXeui6jv_,XatIq6nsLcXyR4SIN3i0z
G_6fOK11LVPeoLf2JEnIj,Pqw3oMyjK7X3yXeui6jv_,F8MLLRm6Ngxs1PXBbKURG
DiiOHlqPS6k3LSeKYnKNN,6T5Q6ggUO2kzfHqYzBHE2,F8MLLRm6Ngxs1PXBbKURG
991354NxcjUlhmPp03uyC,Pqw3oMyjK7X3yXeui6jv_,VnCcdl4DqWrS52xNEecI7
PMrBZPzicReSR4iBjCbx_,9r0au1VK-8A0FOp0JyLLd,Bj383HYXgjL80wdVniE_8
NjzAhpjHgb_CQVbpEpZNC,2GNFSsA-7a4YdhgRZZy3V,Bj383HYXgjL80wdVniE_8
s2dknCm7-DYUmffdPMQHG,Pqw3oMyjK7X3yXeui6jv_,-UG5um8lAaNbk94txVToU
BOA9c9YOd4b3WMsDXAqkG,6F8M8QFv6SgoHUV-6esHW,-UG5um8lAaNbk94txVToU
L4zI8BuBRjeMAui7x46zJ,nFsp-kyJ9e610KL5iQBNE,KE2cpf5lYBzZ4VQF4Ujq-
bklMXUDMFZ34_0C3Xcwte,Pqw3oMyjK7X3yXeui6jv_,KE2cpf5lYBzZ4VQF4Ujq-
H5QDanxZw6-jlXtN5C3Oj,6F8M8QFv6SgoHUV-6esHW,KE2cpf5lYBzZ4VQF4Ujq-
yyBGrr5nQW3BYGXyS8Ae4,Pqw3oMyjK7X3yXeui6jv_,MfJVMDm4U2TCOrkbZaWFm
nOisQNhaDSEER91pQU4vn,CkqubiPCNnWE8G5P7SS7e,J3515iES_2ilr88GoZqHt
6C1sTCLZ_Xq5njNJ4mlbh,2GNFSsA-7a4YdhgRZZy3V,J3515iES_2ilr88GoZqHt
nQar9V6MfYN7sdtjKrmHE,Pqw3oMyjK7X3yXeui6jv_,q2BYsKfQJKu7fZHysyDIL
8wS68TEf9s229ittU6sjB,6T5Q6ggUO2kzfHqYzBHE2,q2BYsKfQJKu7fZHysyDIL
zZDomEiGlprcnNLkroJY7,nFsp-kyJ9e610KL5iQBNE,ynpKlCQXh8hpS-8TH88Uu
oKVTryi0wZfrvBllhIWKJ,Pqw3oMyjK7X3yXeui6jv_,ynpKlCQXh8hpS-8TH88Uu
gjCOV5yHpsOj4TmNktMY1,Pqw3oMyjK7X3yXeui6jv_,JmiQr4h0wjw6vhiiVoedr
cuOPu2Ln0aP4lh7O8KtmV,6T5Q6ggUO2kzfHqYzBHE2,JmiQr4h0wjw6vhiiVoedr
A8XKNbUo7Z6rX_gwinavT,nFsp-kyJ9e610KL5iQBNE,BQ6yDwetbFtWds39UXw8W
kobl4JdnmFPIvBbBYnXBT,Pqw3oMyjK7X3yXeui6jv_,BQ6yDwetbFtWds39UXw8W
wa_D0xMSTejKsF4bd8oCd,6T5Q6ggUO2kzfHqYzBHE2,BQ6yDwetbFtWds39UXw8W
-leHavi5UN4NPBa4Xslh-,Pqw3oMyjK7X3yXeui6jv_,yeCPQtoynlHBtz3GF7HMN
vIhQHRIysRCmysaM-cbqa,6F8M8QFv6SgoHUV-6esHW,yeCPQtoynlHBtz3GF7HMN
ufnVecTNZH4NHpl2O9ur3,nFsp-kyJ9e610KL5iQBNE,ZtADuq6jLxTBDPGky_2Ft
IZ7kUYUARqlJZOZ__z3wx,Pqw3oMyjK7X3yXeui6jv_,ZtADuq6jLxTBDPGky_2Ft
AswGHlAhJGEvqmBZzaT0z,6F8M8QFv6SgoHUV-6esHW,ZtADuq6jLxTBDPGky_2Ft
4DYePK1D23eJnRKr-fQOA,nFsp-kyJ9e610KL5iQBNE,BkM5-w4MEC3JhFpqiFQYb
eTQDIQk7s9gQmSUn-2fyq,Pqw3oMyjK7X3yXeui6jv_,BkM5-w4MEC3JhFpqiFQYb
pKdw_oA6k28xf9auSrZl2,6F8M8QFv6SgoHUV-6esHW,BkM5-w4MEC3JhFpqiFQYb
8Wo-GKDB4KRFtauinkXyB,nFsp-kyJ9e610KL5iQBNE,9khYayfRMCAluPdGQVKnw
WnPknxGqf55U8mTKJya2z,Pqw3oMyjK7X3yXeui6jv_,9khYayfRMCAluPdGQVKnw
GiAQ8g4LjorEhRAac6NMs,Pqw3oMyjK7X3yXeui6jv_,vdO64bpUypacDxVLD4lMi
yHyeriVmKsGdniWFgZIbL,2GNFSsA-7a4YdhgRZZy3V,r8soLdbVutVGgimQjOJa_
_oquaKVTqQAQDndeYH2hb,Pqw3oMyjK7X3yXeui6jv_,M_rjO5gaT7OxWVsWH2HD8
SpaPjj74jYGzazX1cA4sq,Pqw3oMyjK7X3yXeui6jv_,F3qYeY1lhSKG99KvWs8VG
fPkV_2QgvSH_8vy6sIYfj,Pqw3oMyjK7X3yXeui6jv_,iF_IKuPhqqkCdRT5rjoFM
JhsNCwLAQX42AIz7HTrEQ,nFsp-kyJ9e610KL5iQBNE,dFY6Zwimn1HoKqCER0__p
_5jLY1z7yFoo-LJKP9nVD,Pqw3oMyjK7X3yXeui6jv_,dFY6Zwimn1HoKqCER0__p
OsrDzMFoRGn51FKI0gLQ8,nFsp-kyJ9e610KL5iQBNE,1LNowQHrec30vUc2C-cXl
evUqVDejDlVa2hYXLdExl,Pqw3oMyjK7X3yXeui6jv_,1LNowQHrec30vUc2C-cXl
vA4_uqljNvN4bNXPK0Qmy,6F8M8QFv6SgoHUV-6esHW,1LNowQHrec30vUc2C-cXl
IaPL91c1Ph49ILl0zZ485,6T5Q6ggUO2kzfHqYzBHE2,1LNowQHrec30vUc2C-cXl
YGOKYNjOBnm-dARplP4Iq,Pqw3oMyjK7X3yXeui6jv_,snNDbE-95cEKNZOcmpYd2
8VkIx28u9QM9PRTo0aADg,nFsp-kyJ9e610KL5iQBNE,KkchfIRdf-dwh33vJoeBj
BBq_o1_cfbzJKObSWuH_p,Pqw3oMyjK7X3yXeui6jv_,KkchfIRdf-dwh33vJoeBj
T1UkbN-YOIf59WJdjB3pS,6F8M8QFv6SgoHUV-6esHW,KkchfIRdf-dwh33vJoeBj
F7N09LA5AsxsmecId31K0,2GNFSsA-7a4YdhgRZZy3V,_kf3gSxwHGWssn3x8V-63
XPExtnXWi6s8JUpPiq0Y_,Pqw3oMyjK7X3yXeui6jv_,hP7hKzZ4-U0Tmf34fYbQB
m7p0QsByeboUvdX_eWi6U,6F8M8QFv6SgoHUV-6esHW,hP7hKzZ4-U0Tmf34fYbQB
wLKmTs5MJDdP_BdpE60kq,Pqw3oMyjK7X3yXeui6jv_,M1UHpLduZ_Q9XiLwyjuJI
AktRn_B0nIzBDD5qtaOUA,nFsp-kyJ9e610KL5iQBNE,JAfDjEDU0Ljsq3y_dDsEG
9pZuM4fUkBsn2If6eAlhb,Pqw3oMyjK7X3yXeui6jv_,JAfDjEDU0Ljsq3y_dDsEG
OfjEGJ0aXq7zrzermykds,Pqw3oMyjK7X3yXeui6jv_,pbipdFvGW4qWNI9zIGNv3
2r-xgghkW9E2rIhhh3KaV,Pqw3oMyjK7X3yXeui6jv_,c6gHjcDsoqeIy_HsJtsEs
vTaeQbYpVCL6RBejm1Q3K,Pqw3oMyjK7X3yXeui6jv_,nmovnswR1u7w1IMHYz-Wr
LibBrlj5UUX-ZkEaBWC8_,Pqw3oMyjK7X3yXeui6jv_,PUMCfo_tpFV4J42SoMby_
rxt4M7tbBBIMU1QTM4AJV,Pqw3oMyjK7X3yXeui6jv_,4wJakScYuiblyOHtAVcO0
pQ5gYGnCFWs9E2Z-9qR-P,Pqw3oMyjK7X3yXeui6jv_,bac2JLYwuMxQv4cFGMMal
T3ZKARdJkJPce6my2BxDj,Pqw3oMyjK7X3yXeui6jv_,NQXY3ilt0ZlsbkLhrvi54
MMUpnieXl6J1AeZJJlz5I,Pqw3oMyjK7X3yXeui6jv_,v5xipy7z8uS-SdHYxIOra
LDjkOvL42Rcvcyi8o-8_X,jQF-EMOTgENsbax2-M_aT,Cx3b-WNSkL2QKUuP28JIa
-JGQYknpuPbetkQ4tRRKQ,2GNFSsA-7a4YdhgRZZy3V,Cx3b-WNSkL2QKUuP28JIa
QhhQxgmZ6YgMimQ91q-wI,jQF-EMOTgENsbax2-M_aT,kfRlDFx74Gj0crjdpIJK4
DlHfz7yVpMKwi61eWXaB8,2GNFSsA-7a4YdhgRZZy3V,kfRlDFx74Gj0crjdpIJK4
nbSnzfqlxTMqPfud5_lNg,2GNFSsA-7a4YdhgRZZy3V,bFI5PKTQCyCDZc48INipV
9EhOTGMXqoEnK4en5MB0B,-H-ccTlHzXtrMIAz-9EyK,dpEY5HvFqqSsPOxMx4Kn4
ue_E8fzKTaqitXo1qLGyN,2GNFSsA-7a4YdhgRZZy3V,dpEY5HvFqqSsPOxMx4Kn4
uqRsofosoZCWQ9YdJn3A-,-H-ccTlHzXtrMIAz-9EyK,EFnA69aFd__VzVPsCpEuz
DBmGgq911U8lK3hDqhp2E,jQF-EMOTgENsbax2-M_aT,EFnA69aFd__VzVPsCpEuz
TXAFpibK3u6SaDhsEKbHO,2GNFSsA-7a4YdhgRZZy3V,EFnA69aFd__VzVPsCpEuz
QP-rVR6l00bknotNkgNoK,Pqw3oMyjK7X3yXeui6jv_,gCOemc4HYnh14dyWZz_Vm
xBJRWeCvwKYCnDZ-S2Akq,9r0au1VK-8A0FOp0JyLLd,M7V-laCUmvaid8ud9v-Jo
oyfsKADBYsNHYDUt6QrlC,2GNFSsA-7a4YdhgRZZy3V,M7V-laCUmvaid8ud9v-Jo
oTymSpStrJsf5iKDTzaHs,jQF-EMOTgENsbax2-M_aT,HWgx0Nrb65sjKOpBzOAVH
eGZ43lVcFQOXkKmZL56dq,2GNFSsA-7a4YdhgRZZy3V,HWgx0Nrb65sjKOpBzOAVH
aL2rwIxnveXl_ExmsfCwS,Pqw3oMyjK7X3yXeui6jv_,N21XXSjwETScXLAMJSPsM
nSrpu_LC_rCN4lnEk3QVh,Pqw3oMyjK7X3yXeui6jv_,YwZhQDA9cQUnhxkggRVH5
gSfXbI69ALYZsqGb-9zRW,nFsp-kyJ9e610KL5iQBNE,MH55vxUnbgKckgZdTuToC
FS_XYa2E6S-EIfsqghdO2,Pqw3oMyjK7X3yXeui6jv_,MH55vxUnbgKckgZdTuToC
n2235iC3HqHoEO04AK3pg,6F8M8QFv6SgoHUV-6esHW,MH55vxUnbgKckgZdTuToC
bVRwZ0NqGsFytx0FnM9bv,nFsp-kyJ9e610KL5iQBNE,yHXc2veaV_Ovh_xV7pGOq
91X_gvdLpwhkQnbftNDfA,Pqw3oMyjK7X3yXeui6jv_,yHXc2veaV_Ovh_xV7pGOq
IHx0LNIEjCLkc-M_R1mY1,6F8M8QFv6SgoHUV-6esHW,yHXc2veaV_Ovh_xV7pGOq
QPyyHk5aHBf-vjHEjcIzj,Pqw3oMyjK7X3yXeui6jv_,1OsSNYvhGkXeanP8PhrnC
oHAg63mBip2DMf6Q3-A0M,Pqw3oMyjK7X3yXeui6jv_,rb9woXiAo-0A44jWiWZYh
QMDktlWLb2ZBtHiifKHum,nFsp-kyJ9e610KL5iQBNE,hMyw9x6yCtZTIrRy-p3sx
8UEqXlQoupF9-69Iqd1Xw,Pqw3oMyjK7X3yXeui6jv_,hMyw9x6yCtZTIrRy-p3sx
-lYgfVB2JFLSH4VKVwibc,6T5Q6ggUO2kzfHqYzBHE2,hMyw9x6yCtZTIrRy-p3sx
UYYOT5bwfgqP7Ab26APj8,Pqw3oMyjK7X3yXeui6jv_,P0HAPihfxguvmZVkf5EJr
afk-9DABe71hVXhUxukUL,6F8M8QFv6SgoHUV-6esHW,P0HAPihfxguvmZVkf5EJr
w4a5HT-xLtB6g-oImaExa,Pqw3oMyjK7X3yXeui6jv_,TpqWhEjE-NS7RbGseybdn
1ivwsM7Dvc0Gu4JuQMYn9,6F8M8QFv6SgoHUV-6esHW,TpqWhEjE-NS7RbGseybdn
vLiZc0EH5reYzMledxjEN,jQF-EMOTgENsbax2-M_aT,VaP_Y76uzlmNivNP_JbrO
4OnHtbISLuiUE1lVlJcdi,2GNFSsA-7a4YdhgRZZy3V,VaP_Y76uzlmNivNP_JbrO
hm2VfVgoDq4BnLNHeMBIp,jQF-EMOTgENsbax2-M_aT,RAOKmPxxs540lFKCNSa5r
mKMaAVlztDsQ_ZPmGlGEs,2GNFSsA-7a4YdhgRZZy3V,RAOKmPxxs540lFKCNSa5r
fjylUxgUyKiMuYmWrzlxk,2GNFSsA-7a4YdhgRZZy3V,kzSCA3cjZmoLSct-_Uv0x
q3KiFuuRamtsbmNPeGdx6,2GNFSsA-7a4YdhgRZZy3V,avSR1cuu7EmuEnY65zsmT
B0d3yC3Vkx9whsOysJMc4,9r0au1VK-8A0FOp0JyLLd,xFRsWm6GJTyKrkdrSSmfJ
lRrUBVwJTJm5-DyuHsgpM,2GNFSsA-7a4YdhgRZZy3V,xFRsWm6GJTyKrkdrSSmfJ
KqU9K7Mca4fguheDXfh_7,9r0au1VK-8A0FOp0JyLLd,dB4UuCLn_2iykKXvAtsLL
J3ZlgjxKZUZ_eGBq60a65,2GNFSsA-7a4YdhgRZZy3V,dB4UuCLn_2iykKXvAtsLL
Pelcbp3sALhhhvwkWgV93,9r0au1VK-8A0FOp0JyLLd,mh5IGtRqf8XV5WyXkO8bG
CIKjXUyiTJMUBybY_w721,2GNFSsA-7a4YdhgRZZy3V,mh5IGtRqf8XV5WyXkO8bG
Gs--T_LMsWS6CSlcspXfC,9r0au1VK-8A0FOp0JyLLd,3UEo7C0NuY7AUm4X8xJap
ZEaR-TM9n0ohkCp-YMSNg,2GNFSsA-7a4YdhgRZZy3V,3UEo7C0NuY7AUm4X8xJap
ckSsMtIEbqdq103qULKgw,2GNFSsA-7a4YdhgRZZy3V,iSlanYxTDJMY10bEsoa-y
BSKn4EOjv7ErVXoZ-Zq5Z,nFsp-kyJ9e610KL5iQBNE,gmfkVtiyzhKfGuHj1Pgp4
_H0OICkhhHq3vZbdJCzVT,Pqw3oMyjK7X3yXeui6jv_,gmfkVtiyzhKfGuHj1Pgp4
EltzdceMUtg6sQ-TuaAxN,6F8M8QFv6SgoHUV-6esHW,gmfkVtiyzhKfGuHj1Pgp4
sY5iTsglPUgR3GIyC6tI9,2GNFSsA-7a4YdhgRZZy3V,3VeXFODX52C0OiyUbY8Ce
8JfGTip1JxBTST6fOGMdw,Pqw3oMyjK7X3yXeui6jv_,i3WXQWs3K3uTVMMNJhN-X
PaSfpguAkr9j3KVaZDG04,9r0au1VK-8A0FOp0JyLLd,uElR-Xa_fsyKfco5a1gUc
hDRN0LvsuQvAlKGXGXrwO,2GNFSsA-7a4YdhgRZZy3V,uElR-Xa_fsyKfco5a1gUc
zVlKo-Up4s4rJ2zCFNeu9,2GNFSsA-7a4YdhgRZZy3V,MnyaXLNjhsLKAnosUE5SV
3ectLuQFHPy3HBGu0DZeF,2GNFSsA-7a4YdhgRZZy3V,ox-CapyjX0jPbXAnAa2je
CUfvleqRUciXtllw7mA0x,2GNFSsA-7a4YdhgRZZy3V,R_nOXyMfo_Id06D-YQJks
ROtD4JLjtICYjnLgCId6N,Pqw3oMyjK7X3yXeui6jv_,FcyALcB9LjUyj167PXTha
tInOp_zqz5cT01NspDa6y,pNzp4jEkFI__BDLl8TnPm,FcyALcB9LjUyj167PXTha
VAl_MfkBaqwrhgMfh-yLh,2GNFSsA-7a4YdhgRZZy3V,LPyCjRtDjqRQ4irW7zeWb
I6CK2xHdN9u433_MakgrB,2GNFSsA-7a4YdhgRZZy3V,VTzykAsW0w3iE9jJywp0u
a4PKjA1XmJ6xg3vQO1Wj4,-H-ccTlHzXtrMIAz-9EyK,LIWIspPqqLQw2aZY9aDbS
bRIXhPBo_RMfxe1qO6pV8,2GNFSsA-7a4YdhgRZZy3V,LIWIspPqqLQw2aZY9aDbS
pWE7aX17k2bEGpvt79o2u,CkqubiPCNnWE8G5P7SS7e,uU-3XWeFReo1S_-YuVJff
FCZkVxwvYOzrvEKGwCX3C,2GNFSsA-7a4YdhgRZZy3V,uU-3XWeFReo1S_-YuVJff
dnXKYyDLVy0o5EtldbPB7,2GNFSsA-7a4YdhgRZZy3V,BSBIPH41Og98XaPV99NuM
dErRxOK6WJhcd46YdlXF9,2GNFSsA-7a4YdhgRZZy3V,J5Ixyv27WyQIRmHUwoWqC
YcMzBlw_bkEkRpkA6KPms,-xQWalO6_URVe84pyQINm,GBPGKey9GJe0x8cSziYQZ
iVDmfMaFxBVku5PzNAJua,9r0au1VK-8A0FOp0JyLLd,GBPGKey9GJe0x8cSziYQZ
9ONCzFCA5zjEDwEhsIVyw,2GNFSsA-7a4YdhgRZZy3V,GBPGKey9GJe0x8cSziYQZ
KTtSGKtn-mEhztsvMAfVm,Pqw3oMyjK7X3yXeui6jv_,QGyo8Bjw4Y9chXjv0av9w
_U2IiZm3yVfHxTrwpq_ke,9r0au1VK-8A0FOp0JyLLd,o4jXrlYvOv4vL7kdB80-r
ArIcVimWvY98RYgQputYo,2GNFSsA-7a4YdhgRZZy3V,o4jXrlYvOv4vL7kdB80-r
fT7mPEn54yaC1Uzaqf21_,Pqw3oMyjK7X3yXeui6jv_,_sxdvA4Xt1_E-C2lb5AHH
Oo-E1qgxAlhs-NEn-pZDp,-H-ccTlHzXtrMIAz-9EyK,p71XqbVStszryJOjtHctV
rUB27GvUA253wQeIGfsJV,jQF-EMOTgENsbax2-M_aT,p71XqbVStszryJOjtHctV
qtoPA6_YlVXls03udWHq2,2GNFSsA-7a4YdhgRZZy3V,p71XqbVStszryJOjtHctV
3K_5Pg4atO-YwqU5h4Y3H,Pqw3oMyjK7X3yXeui6jv_,b9wlGnQslevsm2s-1_Qc7
-NmgnYktMrrkuLz5f80GQ,b-v2Df_Ixd6LuJM6DwCvn,Q9vfn7nspAJ4voR92fvin
JnbN8uMWTO92s9F2Zxg3i,-H-ccTlHzXtrMIAz-9EyK,Q9vfn7nspAJ4voR92fvin
UU9zRHx8YqqQzOZ1BInna,2GNFSsA-7a4YdhgRZZy3V,Q9vfn7nspAJ4voR92fvin
RTUXgKK_6lOIsIuqB-jGs,9r0au1VK-8A0FOp0JyLLd,9WO0W51Wjf6rPvBuYh8sz
kb44buM_zcjkh9-_04Php,2GNFSsA-7a4YdhgRZZy3V,9WO0W51Wjf6rPvBuYh8sz
Z0JX3_l5FiZ3eQI0cUKGG,sfYYHszP9czSpYjPXffUU,lUW087vu4HdwP0221jE59
Omb1IpnSwBFXLN6qelKLM,2GNFSsA-7a4YdhgRZZy3V,lUW087vu4HdwP0221jE59
RRfnrHGFJryMxv8TLvX0k,Pqw3oMyjK7X3yXeui6jv_,lUW087vu4HdwP0221jE59
Y7eJToXzTC7TWzXIna7dJ,t2HaMYXJTC5E_50WYPVVm,lUW087vu4HdwP0221jE59
oyIdD1ATMCqitc9WfdVGL,sfYYHszP9czSpYjPXffUU,sSAWtLvEtvP_xg4aTSEi9
zHXUDqygxs6trb01alCCL,-LizRQ3BWtjt5fppF6sFD,sSAWtLvEtvP_xg4aTSEi9
U96TE1Or15ZFiG6qa9TQZ,5vvkoP2CRYlT2Pw238RIp,sSAWtLvEtvP_xg4aTSEi9
d1AphT5FmOwvbEdaOtnkT,2GNFSsA-7a4YdhgRZZy3V,sSAWtLvEtvP_xg4aTSEi9
UPo9jXvZBhMl5Yc5C5A7u,-H-ccTlHzXtrMIAz-9EyK,doYh0jvvmomtx-Hj-vvdZ
mVpCLH8aDp6ylwszb6rzN,jQF-EMOTgENsbax2-M_aT,doYh0jvvmomtx-Hj-vvdZ
-dzpuHkhux8bQSFde1-6l,2GNFSsA-7a4YdhgRZZy3V,doYh0jvvmomtx-Hj-vvdZ
croCK_pxfaYLFtmEpMjed,b-v2Df_Ixd6LuJM6DwCvn,8BgY9Jkou50RV6EkkMYj1
iRwpmX5KaiEY5cIj5OEAX,9r0au1VK-8A0FOp0JyLLd,8BgY9Jkou50RV6EkkMYj1
LcquHA1TFcOkoNY5Tlj4s,2GNFSsA-7a4YdhgRZZy3V,8BgY9Jkou50RV6EkkMYj1
xE_eEG-l3D0FP_3YIrtT2,b-v2Df_Ixd6LuJM6DwCvn,9kKgKTa_Yq6jIu5a0DWe0
_CfVuBroae_LlZFiriI1q,jQF-EMOTgENsbax2-M_aT,9kKgKTa_Yq6jIu5a0DWe0
juG7ekY8zNwA1GVw5p82Q,2GNFSsA-7a4YdhgRZZy3V,9kKgKTa_Yq6jIu5a0DWe0
siIDdxy2L6AYdun0HWFMy,Pqw3oMyjK7X3yXeui6jv_,9kKgKTa_Yq6jIu5a0DWe0
-jEeOqj4wPXv12ilNsoxr,oVk7SjbtVAlMeLbfhu9f6,9kKgKTa_Yq6jIu5a0DWe0
AMjsu0b3hDNd5m787ageN,5vvkoP2CRYlT2Pw238RIp,8zxE1h_nhojSyBdZW-45D
ihl_pWtro8W9bwMcK3ueY,jQF-EMOTgENsbax2-M_aT,8zxE1h_nhojSyBdZW-45D
njS7KV6hoD-y1extqhfPG,2GNFSsA-7a4YdhgRZZy3V,8zxE1h_nhojSyBdZW-45D
3_RlDykViapvwwaKiYa3c,Pqw3oMyjK7X3yXeui6jv_,Zy_Lti0j3FMYWvvhIsyhl
3PbMvg6dlHT2zSkWcaxar,9r0au1VK-8A0FOp0JyLLd,mmkgD2D8xBw7PBGcGH5vV
m7wpvGjt7vBEUHTu6OAms,2GNFSsA-7a4YdhgRZZy3V,mmkgD2D8xBw7PBGcGH5vV
6O_LFDsh7b6BukkEBg-Ob,5vvkoP2CRYlT2Pw238RIp,VgzXXO68GubI1jIiKWVig
YlbVakEIMuwPL2aZO9SEE,9r0au1VK-8A0FOp0JyLLd,VgzXXO68GubI1jIiKWVig
y_TAAa_RkIleln2ck-yUE,2GNFSsA-7a4YdhgRZZy3V,VgzXXO68GubI1jIiKWVig
_MJ80rQb5hkq5NOJWjjwD,2GNFSsA-7a4YdhgRZZy3V,G6gIhRAdztpSPcKuGTaNP
LugZ6YzBngdnlIC7I6o1U,2GNFSsA-7a4YdhgRZZy3V,fJqY8ULYP-qtTqULYnFfq
-SC6_d31pRlCblA85z3-c,9r0au1VK-8A0FOp0JyLLd,UBGXITm7-SbrcS7Gcl0Ap
5KIGFa72XoF7hwlR5m8I5,2GNFSsA-7a4YdhgRZZy3V,UBGXITm7-SbrcS7Gcl0Ap
fyksTeLm0ONpQAeu9NP3m,-LizRQ3BWtjt5fppF6sFD,rvPz_-0N0cDaglrdG9_sT
Ry3hlY509e_3fei7hfhCh,9r0au1VK-8A0FOp0JyLLd,rvPz_-0N0cDaglrdG9_sT
06cH4WOOWrJQI1fa2vYM3,2GNFSsA-7a4YdhgRZZy3V,rvPz_-0N0cDaglrdG9_sT
8y7DKrt47-RDmMaszip6g,2GNFSsA-7a4YdhgRZZy3V,Vduc5Zc3ZLfUn30bz8Q4R
K9vlVUxt1JNl7t1E5Nfcy,Pqw3oMyjK7X3yXeui6jv_,8f-iQnDPS3mY38MoCZOQT
dil2QVkuH-Y_ejPHft__0,2GNFSsA-7a4YdhgRZZy3V,PPUQ1PVcdOsVR68VxEiCQ
qAMbhYEOnGzDrk_Gg4kE-,Pqw3oMyjK7X3yXeui6jv_,XsTD2PJISdkuQT0r61Z2H
YP_TLWQa3zOcyzX8uN1nV,Pqw3oMyjK7X3yXeui6jv_,hqz_hVmxtpbD8syee5GVO
5OntFYgVebQRno-2mP9ci,9r0au1VK-8A0FOp0JyLLd,hLT9IvnlL7n6rDMwFqzqW
iHLliVOvoljGh4RQaVyeg,2GNFSsA-7a4YdhgRZZy3V,hLT9IvnlL7n6rDMwFqzqW
XP4Gsg8AW0DxY7iTC25rE,Pqw3oMyjK7X3yXeui6jv_,-yzKnqLSWzfxaANEaSVru
u7HLlCa-81sxftJZ07bSO,nFsp-kyJ9e610KL5iQBNE,as14BXsx9wjU8D_w7Swxk
85es57fksW0PEoq-L2JBz,Pqw3oMyjK7X3yXeui6jv_,as14BXsx9wjU8D_w7Swxk
ci8XzRPdq7LHN6ogsHr7p,2GNFSsA-7a4YdhgRZZy3V,g1RD4GfMWNTPTFTRqPcS0
Rg90wmhWXRFighQr9eS0B,9r0au1VK-8A0FOp0JyLLd,MOAdje6kG1pC_519ghvjQ
pVGsQ5hwYYSBwa6bAHKPI,2GNFSsA-7a4YdhgRZZy3V,MOAdje6kG1pC_519ghvjQ
ZuEoy0EiTM5jQRpyNywIm,2GNFSsA-7a4YdhgRZZy3V,h0kxzRKsCGuw1FSmoUGRO
Ny3SQwtD1rjeioGAK0JG4,2GNFSsA-7a4YdhgRZZy3V,kMImdqcMi36dGL9LePfCX
7l5CQ0i_qBqKqq7Enutol,Pqw3oMyjK7X3yXeui6jv_,LEpmxF__1aoVjkaWQbOiQ
5l5gVyPjHMfYzdL3Ox5g7,Pqw3oMyjK7X3yXeui6jv_,k-IHB2q8Ri_TqRr2SVE5g
kaXwcAQ5AUrdiBeSCn1gA,Pqw3oMyjK7X3yXeui6jv_,jhxpj3V67sdYfGpk8i2pR
iJA8tiIasToODYON8NNms,Pqw3oMyjK7X3yXeui6jv_,mre_HMOJIAD8bfgWAZElW
9DVyDt8tLJwRuPKfBHe_P,Pqw3oMyjK7X3yXeui6jv_,weUXE5FqMCv23SY_rZCdu
iX_Vs_VJ4BRHwifym1Qey,Pqw3oMyjK7X3yXeui6jv_,QkQqs-n0sWsxmQZFhdTTl
c_phMayRBlus75VC6-jQc,Pqw3oMyjK7X3yXeui6jv_,--NiVQQi7PdbUOfjQPv1u
PcCocc1dA_0nNt2DeOLBa,Pqw3oMyjK7X3yXeui6jv_,Vm1iHrBGbD_sgic5z270B
2n7oRcUdaOrgUrC2-oBv8,Pqw3oMyjK7X3yXeui6jv_,5cUK9VJN9RZ2qIXSkaeNc
8mCtbWvMdHY1PCargAo6U,Pqw3oMyjK7X3yXeui6jv_,lDvwJls0_EcRx-Fyg3oZx
5wgIPL0d_MQ6W_roY1_Ym,Pqw3oMyjK7X3yXeui6jv_,gqle7m14d4IIMEDnj-yaI
espCz7PjHRMFTbI9o5xIB,Pqw3oMyjK7X3yXeui6jv_,TZCJtXBsNpgV83OjtYu7K
nY3pCnr3y4jNrHjHl5Et4,Pqw3oMyjK7X3yXeui6jv_,7IZe2raA9qxT0aGec65SP
2IN4HjIZRD56-zyCGDeZd,Pqw3oMyjK7X3yXeui6jv_,sRdzQyJOasOb7Cnuil8fd
TGuAW3dJ4U5xCRe-v7kdN,Pqw3oMyjK7X3yXeui6jv_,38oHjoOm0RQjSKINXx0bv
SLH52vmoN7lD4PR4--Tdk,nFsp-kyJ9e610KL5iQBNE,1O7KVdttRyHc1be2H_EqB
rU2hGaONLmAhk493i1Hb_,Pqw3oMyjK7X3yXeui6jv_,1O7KVdttRyHc1be2H_EqB
LOhJngrvnXT569tmS3vSD,2GNFSsA-7a4YdhgRZZy3V,l2parY8y3RwPmCvsINALA
NPBUVFgi-DhKEtdEYNgd1,2GNFSsA-7a4YdhgRZZy3V,pBRSsUELjeTw0LSbzxMvR
eFxHiqLthwWzDQ8TuLBuZ,5vvkoP2CRYlT2Pw238RIp,a2uWsMRNnO3hOQOjx_cHF
6zQ5RpRaGeMyu3vRvLT6_,2GNFSsA-7a4YdhgRZZy3V,a2uWsMRNnO3hOQOjx_cHF
5FcilPLC3GSSldDb9YeLB,-H-ccTlHzXtrMIAz-9EyK,t7O9YvZJnyDGza3UlHhM7
FUruBpdy4834gl-qREnjo,2GNFSsA-7a4YdhgRZZy3V,t7O9YvZJnyDGza3UlHhM7
HB42PBWech_zq8RMSlzs7,Pqw3oMyjK7X3yXeui6jv_,2_d8wRIm9PPCVSjTvBJlo
QOplzlKoDiVacdxZ4BYXa,qakB9h5jiq4RiE3MwyHpB,aqk1CcREfShfSj5F1XlcQ
3QyyVPta6gZNnVe9HUkUS,2GNFSsA-7a4YdhgRZZy3V,aqk1CcREfShfSj5F1XlcQ
f-0NuwfgLTb7Ll6M7gsYb,Pqw3oMyjK7X3yXeui6jv_,cwRrZJtF_c0BuVq5_jfpl
S7qqJu7vtqQ9iZ6tetAtu,2GNFSsA-7a4YdhgRZZy3V,7SZjURK3zCB3Pb2cGR8ik
hIjr7XLcKHJT8dG-noFkW,2GNFSsA-7a4YdhgRZZy3V,iFOOaugUpfAhRh5oE_SOn
zqybbkGrAR3bHsQhGuALG,2GNFSsA-7a4YdhgRZZy3V,x39BGb0vlJZpxtYg7MhGK
gOlmq2hDY0N74-JGltt-Z,9r0au1VK-8A0FOp0JyLLd,tkG-fmXkOCFhjSE2IrxdV
wJ6dyFgHkpG2vW0OS37P-,2GNFSsA-7a4YdhgRZZy3V,tkG-fmXkOCFhjSE2IrxdV
ipZEOWIgZIFmj2Cy_SDxx,2GNFSsA-7a4YdhgRZZy3V,JVIpODqVtHHLrP5Hu0QuW
RM__wFtc4XuKuymnXqZoY,2GNFSsA-7a4YdhgRZZy3V,WIwvmx8WNHuJBESG5SEA3
HjlYddICT8sEURtgD-7MZ,9r0au1VK-8A0FOp0JyLLd,CnG6PauJs_EHyoMZlvK4V
GBfSl9Ygy6hS5IImwov1n,2GNFSsA-7a4YdhgRZZy3V,CnG6PauJs_EHyoMZlvK4V
K0999j5xqNNfDx7DL1i9W,9r0au1VK-8A0FOp0JyLLd,4FD99KQCxC4MD1TKHHFce
p0PIgmKdbqKEeAum3MG6q,2GNFSsA-7a4YdhgRZZy3V,4FD99KQCxC4MD1TKHHFce
MuyGr_5aaypAXAp6lW7ky,2GNFSsA-7a4YdhgRZZy3V,T9PduLjuC_ai0NHiuog6W
7iTDdlZiJYPTYoFHdsqGF,-H-ccTlHzXtrMIAz-9EyK,PMwi44GNRy9OEHwAQu91R
lvjP4bLIaYtqf1WILcpDI,2GNFSsA-7a4YdhgRZZy3V,PMwi44GNRy9OEHwAQu91R
AOoQjeT-rYd0G1RsKXtR0,2GNFSsA-7a4YdhgRZZy3V,wFyyXFkVBb0xpy0Xljcum
HtZnvJsLX7lhqnvBondhm,2GNFSsA-7a4YdhgRZZy3V,HAi1fKiFyxAMJC-In4sgS
YBFgiNRoRs2vZf_sLeieY,2GNFSsA-7a4YdhgRZZy3V,UNG-ssy0PXrUF_Cu3P7H3
T9cTMtuzZkrH7HOLoKVwY,2GNFSsA-7a4YdhgRZZy3V,t3MrLYuXrPH_BEipDDVR1
QLFxnYL-Cc9itWl9WCFsh,-H-ccTlHzXtrMIAz-9EyK,vE24xyEgH29wFunRkjcdq
g8mrz1ukoZIvTYDvVIlqj,jQF-EMOTgENsbax2-M_aT,vE24xyEgH29wFunRkjcdq
rbHmanIr5tMpP6SorfVjV,2GNFSsA-7a4YdhgRZZy3V,vE24xyEgH29wFunRkjcdq
WbvBtaVtUZqSmCKp7iYe_,2GNFSsA-7a4YdhgRZZy3V,R__ZJCDkMF5mjf-PCkQy4
QVymESSaxuj7Eeptzqov_,b-v2Df_Ixd6LuJM6DwCvn,LQ0du9deZuRZHxdOwt-el
N_cH-6HVyN3zsvAps9Svi,2GNFSsA-7a4YdhgRZZy3V,LQ0du9deZuRZHxdOwt-el
7oTNhiFWOhTiYV7k6LbW7,-H-ccTlHzXtrMIAz-9EyK,nuyM-f45ImOnXpHNn5nah
8MuLbCZVawMQ4sNn3SVC2,2GNFSsA-7a4YdhgRZZy3V,nuyM-f45ImOnXpHNn5nah
DkJYP9N2Dd59uZz999EVD,2GNFSsA-7a4YdhgRZZy3V,VNHLG6l0WblwE54mJ_3Jc
EjcMUDOqf5WA8xP9ngeaB,2GNFSsA-7a4YdhgRZZy3V,DOH82pId3Hoei-41Z25tt
mS0p7IzIXDBwo2Hzfm1eB,2GNFSsA-7a4YdhgRZZy3V,HWmyAyTvZEOH9BelW38HW
ImxiVxbNMjj1PSDH2VReU,2GNFSsA-7a4YdhgRZZy3V,7RazPDe1jBNge3r-hkz7i
OqbdmbpGaEfjsTJCYzW7y,2GNFSsA-7a4YdhgRZZy3V,uIPtGNKXCVYhL8r-XY8Ji
M0CZG-9GJBXRH0fDsTIWf,Pqw3oMyjK7X3yXeui6jv_,m1tJ9YuuB5vPl6DMK2U3D
q2yieeY5w5ZROcwB8kDAT,Pqw3oMyjK7X3yXeui6jv_,QjQCnHoTD78FISFAbc3fe
iASsDdR9iov4Uj6i_PxDI,Pqw3oMyjK7X3yXeui6jv_,82gfHcJb7WIWPMs5IRz0g
d3Wh-jHlLiOd1lm7EXDoO,Pqw3oMyjK7X3yXeui6jv_,Xer8raoVFeHNhxhuZkm1w
nuFoo1pyAqE6d5Ej7kipD,2GNFSsA-7a4YdhgRZZy3V,IR50cBPhdJUsQgFpNxoT1
0VlkeofkwuNoqONCrLqCl,Pqw3oMyjK7X3yXeui6jv_,1WwUPDHedGZZW3S5NU0Vd
7-IswOlaCIC_rNoemaLg-,Pqw3oMyjK7X3yXeui6jv_,-fdU8PUyvXCFlJsUhK86H
gc8tQEkhw8I_KQYRBkQ3O,5vvkoP2CRYlT2Pw238RIp,ZHMrtslO1OlzVWReJwx0L
hTh25eSQeu7lJVr-TenWx,2GNFSsA-7a4YdhgRZZy3V,ZHMrtslO1OlzVWReJwx0L
KMm0Lsza79mtJtrNTugXw,5vvkoP2CRYlT2Pw238RIp,EFNmEohSuRHW-Q3CaKP_k
7n4zfNHVGFlQtaxKh1seq,2GNFSsA-7a4YdhgRZZy3V,EFNmEohSuRHW-Q3CaKP_k
St7DZtnIvsWHG_TvoSAP1,2GNFSsA-7a4YdhgRZZy3V,isQRNOOK4g4cFIuBHDFft
yiBpGUCBtOENnh549s6cy,-xQWalO6_URVe84pyQINm,rvBEwnjcGTH-h1jSV9Z8I
_iMLHwShVQLBAuh9YXm5I,2GNFSsA-7a4YdhgRZZy3V,rvBEwnjcGTH-h1jSV9Z8I
c5mmK9kkI6dtn1QPS_91O,-xQWalO6_URVe84pyQINm,AT5kRPG8lsxQAWAKKgy3K
yYNJmlq2FDZsKQSWY2uyp,2GNFSsA-7a4YdhgRZZy3V,AT5kRPG8lsxQAWAKKgy3K
G8UCUt9wA3zukFxRESADK,Pqw3oMyjK7X3yXeui6jv_,bo0-Xgy4LjGtM2Hi9rVJP
AVM3cF0C3pFgNQqhkJxbr,5vvkoP2CRYlT2Pw238RIp,u0lAsOGXfp_AiWU3n1bpS
e8KEfSfpgqxy4uO9NZ-Vy,b-v2Df_Ixd6LuJM6DwCvn,u0lAsOGXfp_AiWU3n1bpS
daUu7hnmm3pZB_Vloegky,-H-ccTlHzXtrMIAz-9EyK,u0lAsOGXfp_AiWU3n1bpS
Z7h9tQaKJ8OdyWzDTdX9n,jQF-EMOTgENsbax2-M_aT,u0lAsOGXfp_AiWU3n1bpS
FUr2UbiwYJLLxggMuuB8p,2GNFSsA-7a4YdhgRZZy3V,u0lAsOGXfp_AiWU3n1bpS
3AQDM0s39dvtPTS79f3Fs,b-v2Df_Ixd6LuJM6DwCvn,4tm2NvCJHto51hmyVntbA
NG63DEjaP1nVHrj61xx-X,2GNFSsA-7a4YdhgRZZy3V,4tm2NvCJHto51hmyVntbA
I0Kqo7-TUE3YmZQocih1n,5vvkoP2CRYlT2Pw238RIp,YXJ7p_tzrJ915Xy-gC2kS
WHVgUmyVdEBPR6kGbamAk,b-v2Df_Ixd6LuJM6DwCvn,YXJ7p_tzrJ915Xy-gC2kS
ANdcH1crI6djgr3OUcdqC,2GNFSsA-7a4YdhgRZZy3V,YXJ7p_tzrJ915Xy-gC2kS
lH44XOl6wEdXnHNF3s8U9,5vvkoP2CRYlT2Pw238RIp,4Eprpz7gYftMMRHlD1Ub4
uwZaxmyNlKE7M9OKUo_pK,b-v2Df_Ixd6LuJM6DwCvn,4Eprpz7gYftMMRHlD1Ub4
gjgVdGxa6NAUySme7ru0B,2GNFSsA-7a4YdhgRZZy3V,4Eprpz7gYftMMRHlD1Ub4
o2-e_eC7Dr6ayOs6Xldlq,-LizRQ3BWtjt5fppF6sFD,g-TNO8ogGWcS3bQI5sGDo
aR9H84TrL7zuRW2Ef_f1H,5vvkoP2CRYlT2Pw238RIp,g-TNO8ogGWcS3bQI5sGDo
oPKroTeSb2k1zWTJkfC9C,2GNFSsA-7a4YdhgRZZy3V,g-TNO8ogGWcS3bQI5sGDo
BKnd31mbtWsxLU6ZVDm9D,2GNFSsA-7a4YdhgRZZy3V,fe4SO_x9sgtcc6XrHFfgQ
eTFJsJg7wO9rpmnfNAnDz,Pqw3oMyjK7X3yXeui6jv_,ip_XxKqCcq4jkMDjVNIDJ
h3xNqHX7mTvrVddXwRf2m,2GNFSsA-7a4YdhgRZZy3V,3WNkCiMXwhECqxw_vX0PW
Gh37qzDedludoSEIgL3FH,2GNFSsA-7a4YdhgRZZy3V,4XEWwStSBWrg5b8ORYU97
xWttczhaHn4bYyPvm8Z-t,2GNFSsA-7a4YdhgRZZy3V,fQiJ-Y_kNiMZJdICc2Gk_
OVku-9_OinQDxp-RQ3PEG,2GNFSsA-7a4YdhgRZZy3V,Pbd6ZgUGFEOcoZVn4d8A1
BFU61OgbH_HArTCTCp0FP,2GNFSsA-7a4YdhgRZZy3V,Au_fXpgULnbkDamYQ-X-6
RLFROUdzq5prZ4PaNg_Bz,2GNFSsA-7a4YdhgRZZy3V,F3_dRr-fIDnPq8NrHkC_1
mHMph4lyE4LO1TnpqTwZn,2GNFSsA-7a4YdhgRZZy3V,mOv-nRbao8gW1DglbGKF2
0IFOV77OsC7S9MXhfwfEF,2GNFSsA-7a4YdhgRZZy3V,MxGxofRGdi1v5xst_choc
2LMXBdJhiv1EqsMjDncL1,2GNFSsA-7a4YdhgRZZy3V,Zb_mHQOAdpz0dsrEUddp_
8g-G8sp7DW90o7mGW21h_,2GNFSsA-7a4YdhgRZZy3V,t2X8n083CuR5USXgraM3j
YUjhw99COg7aFfVYGoqB8,-LizRQ3BWtjt5fppF6sFD,aJECDar4WkhMh9-bZ91yH
mWqdLbyW4ZkBEqDaZKPYD,5vvkoP2CRYlT2Pw238RIp,aJECDar4WkhMh9-bZ91yH
hKZgygZfBsQPQOASg8PZM,2GNFSsA-7a4YdhgRZZy3V,aJECDar4WkhMh9-bZ91yH
p5vxSI4iPY3Gpzwgh-jH8,5vvkoP2CRYlT2Pw238RIp,cmT78VAkcpAmHntq_Bzcq
cmKFH1WZkwQETCM0GrYYi,Pqw3oMyjK7X3yXeui6jv_,cmT78VAkcpAmHntq_Bzcq
UxSNPB4UxzfBfhdA7tzHn,Pqw3oMyjK7X3yXeui6jv_,3Qw2BHd8Vl_oY9TWVCNU6
JXcogH3dWJMMaGeOqHvg6,Pqw3oMyjK7X3yXeui6jv_,vMXHqRgmw7-l9DoA_8Hmf
IgopR2EVK4r60WQfE_fSe,Pqw3oMyjK7X3yXeui6jv_,cGaTusunINs4K8j700onJ
11a5P52OK3pfH-tlE_AV4,nFsp-kyJ9e610KL5iQBNE,_PGqZ_5wDXyhGjbfRKU_p
_FwFaOVThMjCQbyN4z2qO,Pqw3oMyjK7X3yXeui6jv_,_PGqZ_5wDXyhGjbfRKU_p
39pQllhODmg34l7tmsCqI,6F8M8QFv6SgoHUV-6esHW,_PGqZ_5wDXyhGjbfRKU_p
GG82KoGa4kCQjo17VXsSp,nFsp-kyJ9e610KL5iQBNE,hN3gi87Wq1G1P1ulaGTFj
wpyB2NWDEzSOXL12CKNZX,Pqw3oMyjK7X3yXeui6jv_,hN3gi87Wq1G1P1ulaGTFj
o2F0wAg3YrBg_3q4zzQc5,6F8M8QFv6SgoHUV-6esHW,hN3gi87Wq1G1P1ulaGTFj
NhKRN1GySgbR-iPTsgH8R,Pqw3oMyjK7X3yXeui6jv_,OKR8Cr3fifqrTId5M0JTl
0_Sz7rGMFHqj1OUOHcQSX,nFsp-kyJ9e610KL5iQBNE,P9oZzo6LjxLFuu_Axwy6j
lul-_JmQu4wfl5_qaLarH,Pqw3oMyjK7X3yXeui6jv_,P9oZzo6LjxLFuu_Axwy6j
lyNSlEpS3ra-os57gSm1J,6F8M8QFv6SgoHUV-6esHW,P9oZzo6LjxLFuu_Axwy6j
xcmtnQn9_liOArWvnINMj,Pqw3oMyjK7X3yXeui6jv_,Op-RMT_tsit1IogFyj8cx
tKGuqh7MB5k756_qt10KN,Pqw3oMyjK7X3yXeui6jv_,UJ2y-ObE7-a4Mx8lrVHWL
ad4DIbdxJxauUGpsH9B7D,Pqw3oMyjK7X3yXeui6jv_,Nbpff92E5CAgmgIcX1tUc
JHoRl1bm576cn4dbEr_Bx,2GNFSsA-7a4YdhgRZZy3V,o5xWzVkNr_K6ie0e9JWgY
rLgOL2-1dHDuZlZP2A2x4,Pqw3oMyjK7X3yXeui6jv_,TwWduf5Q8EbM1bEI1ris6
4LE4Pw8ljFL0ILnMQMFmm,2GNFSsA-7a4YdhgRZZy3V,yPcx5xIsmK4LnPQRHUxQr
xN2a7vbZDpN3KeqyznyPC,Pqw3oMyjK7X3yXeui6jv_,quzBv4N_LMTenX3udqYWK
mt-sR_1r62Uo0jcw29WuA,2GNFSsA-7a4YdhgRZZy3V,Af4r1Sj7QDx9kQB1nVDx1
w13CMqGCFSyK9ihAXePy3,Pqw3oMyjK7X3yXeui6jv_,gcIsGhQIvrb1Vzbvakc02
oEofrMtBgtD-QINb6t_BS,5vvkoP2CRYlT2Pw238RIp,ysqvuk5Znfh0YKMmsZ4E9
6wvOPEGG_GYQKv-E2TXkl,Pqw3oMyjK7X3yXeui6jv_,ysqvuk5Znfh0YKMmsZ4E9
VwReGbiEfLS48s5HB8Mjx,Pqw3oMyjK7X3yXeui6jv_,Yi-X__9OPLThVzAPhJYSA
-CxsmS7ERFm0KPWwmklP5,Pqw3oMyjK7X3yXeui6jv_,NhLQotnJqRYCuZx1WXRN0
Iqdsy9-W2GAuF64Ul-AQJ,Pqw3oMyjK7X3yXeui6jv_,Xu7LvDcSIqzcKjRDssWa1
tmqCET-XUoEkvT_kjmXs-,Pqw3oMyjK7X3yXeui6jv_,qzxOdQPSrAMj5J5B_uR98
NaAYmogor0Y_N6hsRfKu0,Pqw3oMyjK7X3yXeui6jv_,fTV8v70e2Cv-ATPnyeyF3
6MtMAbUYlqVEPLCnzLLuB,Pqw3oMyjK7X3yXeui6jv_,eJlOywLuKC-rYvDeyoo63
NxPRj91XVne5hkavMTK8m,Pqw3oMyjK7X3yXeui6jv_,Rol1QzGv1eeUtSRTtdgPJ
b6_1HDIopqrI0BeH2yEOO,Pqw3oMyjK7X3yXeui6jv_,SVpITjpp7EXu44gqK590C
vuVYTN1l78i93TwKxWFKr,Pqw3oMyjK7X3yXeui6jv_,E0UZ4WgGwrsROIG6KCaqx
0kCw3-a4_nm6MX-Dp4uUT,nFsp-kyJ9e610KL5iQBNE,qCwhcdHI0X5DK4vVfllEJ
bsAVRejZehprY91S0L_Wu,Pqw3oMyjK7X3yXeui6jv_,qCwhcdHI0X5DK4vVfllEJ
QRO610eEdoz3Y_8Ua_k0-,Pqw3oMyjK7X3yXeui6jv_,PM-h-VPqmwKPj5_6wU3Q0
zC9YwXLFLrUM7UuDMkQjD,6F8M8QFv6SgoHUV-6esHW,PM-h-VPqmwKPj5_6wU3Q0
HOH-AxQJry1WEuNfaBTMS,Pqw3oMyjK7X3yXeui6jv_,NwDxlHlE_qfKTU1TXLtxH
L5Kk6gFNyw5VAWiowNZaq,Pqw3oMyjK7X3yXeui6jv_,8uZU-ROBRlonoiN72pAL2
-4a6KPW3SmBvxQXO8csrV,Pqw3oMyjK7X3yXeui6jv_,5YKhFVed-jQFZ3EYUxJUB
Pba9uZXpEhzTuWJ0Ilz8t,Pqw3oMyjK7X3yXeui6jv_,OZ0M5yDurApqJHY4-YCuv
K1WwbwnOcXrkKWxXhiITB,Pqw3oMyjK7X3yXeui6jv_,gHNrkWCdTrdUjlwuAxB8F
WsncKXdufdljxebUB9jKR,Pqw3oMyjK7X3yXeui6jv_,GdXPMJpCxBXfEdfpZjutY
5o1HNgT3tN2i_XGKpxxqe,Pqw3oMyjK7X3yXeui6jv_,7QCnTHDEE0VAnVaCPqRcU
KDCy1PILGnLLqxBwf11DV,2GNFSsA-7a4YdhgRZZy3V,afeGXwgCMRdyl8nc7NLy1
54NoFLOZGiM9NoNqrb3_C,Pqw3oMyjK7X3yXeui6jv_,dxRO4L9fxzMSz11fx8m4W
Ng-0w4XygpbWMUhnEUcQg,b-v2Df_Ixd6LuJM6DwCvn,X9Q2G1pkyxHJsaCgrOmPg
fTusNovtyJ5ywQKuzgr_i,Pqw3oMyjK7X3yXeui6jv_,X9Q2G1pkyxHJsaCgrOmPg
nCWJHjt9TbIjExySYYoUg,Pqw3oMyjK7X3yXeui6jv_,iwkAPl4xTBfvM7W_z_A44
Nz67xifVcFpdyK5hmCggL,Pqw3oMyjK7X3yXeui6jv_,ssS8pxWlzm882I5dTgIH-
7GgBCa1G0CdQhDgOA2MZS,Pqw3oMyjK7X3yXeui6jv_,U2ptQx2jdCIDhRfQFfHAI
0eSgVMZQQftOKdwF8HKhn,Pqw3oMyjK7X3yXeui6jv_,pzd0uXPjGgr9cjymoxQol
LljaZFM16BIRKKm7vmcob,b-v2Df_Ixd6LuJM6DwCvn,J3piT0GbFGRx6soq1O9bp
TeviA8fXfPIp_Txxb2MZ1,Pqw3oMyjK7X3yXeui6jv_,J3piT0GbFGRx6soq1O9bp
LnboLiYAhQ3MJntaKAWmC,Pqw3oMyjK7X3yXeui6jv_,cIa7KrvDzzyzjf0wjfOYY
9SvOQyLTAIN9SnlQ1LDEK,nFsp-kyJ9e610KL5iQBNE,0dz-wfZg1RbCY56qqCeQR
CrXGoBzLA0jPCMwyQX01W,5vvkoP2CRYlT2Pw238RIp,0dz-wfZg1RbCY56qqCeQR
oRpcwq2Pw2a2JxP3kQwcE,b-v2Df_Ixd6LuJM6DwCvn,0dz-wfZg1RbCY56qqCeQR
zrERteThhgBktKHL722Xs,Pqw3oMyjK7X3yXeui6jv_,0dz-wfZg1RbCY56qqCeQR
hah2pmZtrP0qRlTnRXjrl,Pqw3oMyjK7X3yXeui6jv_,d1e-EpJSGjFcJQgAYShsm
7tMdZwkV8Myxsn8CidmNh,b-v2Df_Ixd6LuJM6DwCvn,JEO0YeIOoMxI2rjaZ-Uk6
cFehnZ7r5eWPv4famd40k,Pqw3oMyjK7X3yXeui6jv_,JEO0YeIOoMxI2rjaZ-Uk6
G0eEHQZf737hAVPwXZ9Iw,2GNFSsA-7a4YdhgRZZy3V,L5y6Cvxd-r52B2Us6oQO-
3_dpxS2Ia3lY6UWbVhy_p,Pqw3oMyjK7X3yXeui6jv_,EgvByHbzzDRQZw3kL3zRe
LUmlgMXbcCPLHSilpDiRz,Pqw3oMyjK7X3yXeui6jv_,Sj_EnZqiY7iGDQeuX-loR
W0cqaZy_YawqQgfN2I9tE,Pqw3oMyjK7X3yXeui6jv_,GctamDqlLdpPzk_4li9-9
XplN0C5ADwA-_nELXOzum,Pqw3oMyjK7X3yXeui6jv_,1RHAUOu9GpuDuCMsKgY4H
_n-cRNLewgnL5ERPMnjCI,Pqw3oMyjK7X3yXeui6jv_,Cc2pcbx8vqqbkGVN_R7F3
MzfkF9dPawzU--S3VbvTM,Pqw3oMyjK7X3yXeui6jv_,Dkp-5SNGVEaTD1pdi5C10
6-dqQVja_J1E5g3Q11Ffh,2GNFSsA-7a4YdhgRZZy3V,xX-1mPIzU9RNdwNMUrckY
Q2ewkByY5TTAglsLeu3MZ,2GNFSsA-7a4YdhgRZZy3V,gu2T-9-Hjlm1_JYZsAOmR
vVhUq9Atq18mIo5zXONBD,5vvkoP2CRYlT2Pw238RIp,Qz53zVKmS20o0m8kAZGuW
rfWULkBloN7pLY48F2ELW,2GNFSsA-7a4YdhgRZZy3V,Qz53zVKmS20o0m8kAZGuW
c3pXBAAh6pmvd7gOmlu7Z,2GNFSsA-7a4YdhgRZZy3V,ydetTJKCf8YlAEmPJFqJC
Qgac64BTUH0fBNGWwj83n,5vvkoP2CRYlT2Pw238RIp,tLPeVj-TPQrcBrma8X3OM
-j-rZzkhawxES5-vacME1,2GNFSsA-7a4YdhgRZZy3V,tLPeVj-TPQrcBrma8X3OM
EmDmHs-nsMc9ENgevuv3E,2GNFSsA-7a4YdhgRZZy3V,u2QcQwNL6BSj6V2cS8WGH
oLGYcxAPh_jWAQpg_ZQ0R,2GNFSsA-7a4YdhgRZZy3V,sanjOzxQQh_jcS2cNz5D4
Cj5JF0Rji7vHgspoMhgr4,2GNFSsA-7a4YdhgRZZy3V,wgkhJefL79ldBK_FYM6ng
9RCuMmJZYGBlmG2uDWuck,2GNFSsA-7a4YdhgRZZy3V,k04URCwfdNor4aCpLzpwA
L7SCcChEirdPqV9w-qyk_,2GNFSsA-7a4YdhgRZZy3V,LWAjetuLDm7Atwx7kBs-6
wtVbxSkbefbuVXrXHRECD,2GNFSsA-7a4YdhgRZZy3V,num2p6m8m0dEQG0o0edi1
qXNOgN4XQuMI-klWw31J-,2GNFSsA-7a4YdhgRZZy3V,3gSV8pYT24IB0xXAyASjK
r7gLQb9eVTsk_y3-bdCnD,2GNFSsA-7a4YdhgRZZy3V,q0eGvw4riKTcx2_eJOSbi
SsprU53_p2A5ua07K57Kb,2GNFSsA-7a4YdhgRZZy3V,JzzXygsGxDnaPxsQAj6Um
oFlYz3Xg9VxLYkQhWjv5G,5vvkoP2CRYlT2Pw238RIp,pYod3MwxFGp8owieZ5vS7
fFPRsZl5LYlkRyxqGglV3,2GNFSsA-7a4YdhgRZZy3V,pYod3MwxFGp8owieZ5vS7
BLNDdN-y8QXXB8d35i2fq,2GNFSsA-7a4YdhgRZZy3V,EN5FJLf3tk45QYJMzQvsD
ZsOwVp0w7Xdx8Y8hLHnBr,2GNFSsA-7a4YdhgRZZy3V,CJscDz5Q54_ZvtJRnim2Z
MZVexHPRYcareMJ3h8hdW,5vvkoP2CRYlT2Pw238RIp,Ip4ykfNLa0Phjy_rxUfG7
WO8QcYJmz6jtNVu70YXY-,b-v2Df_Ixd6LuJM6DwCvn,Ip4ykfNLa0Phjy_rxUfG7
tvJiPLKLtws3aza0qD1ZF,2GNFSsA-7a4YdhgRZZy3V,Ip4ykfNLa0Phjy_rxUfG7
EesvU62WBdu98YSPWzVvH,5vvkoP2CRYlT2Pw238RIp,Z8OAuUWVRTsY47qX6gmHi
wRs1qf-8ItR7vLVsLKxhA,2GNFSsA-7a4YdhgRZZy3V,Z8OAuUWVRTsY47qX6gmHi
jI3SiV_AUi_1wyaT2n86O,5vvkoP2CRYlT2Pw238RIp,Lv4AHmDtRosVXb5X5ZDKw
m0SZfIh_cMBUkz9e0qHtP,2GNFSsA-7a4YdhgRZZy3V,Lv4AHmDtRosVXb5X5ZDKw
Tde3d9j8nI0xmlZBZwmXF,5vvkoP2CRYlT2Pw238RIp,RXHxk33ZNdJ15xe2vjcrR
QfpijEL82pr9Q5F-6DFZN,2GNFSsA-7a4YdhgRZZy3V,RXHxk33ZNdJ15xe2vjcrR
bL453s-S8bst9EMqP7EnD,5vvkoP2CRYlT2Pw238RIp,Ym3gwjYyMwnwFy6Ucb3cd
LKcWDsrvccPx-uiGRoFQQ,2GNFSsA-7a4YdhgRZZy3V,Ym3gwjYyMwnwFy6Ucb3cd
oLj0K482YywYshYYBxpKd,5vvkoP2CRYlT2Pw238RIp,2W3PNpT3NBv9wLuGDHDjG
03t8BL3X0e1aiPy4yelfl,2GNFSsA-7a4YdhgRZZy3V,2W3PNpT3NBv9wLuGDHDjG
a5kQOxQgsLNtb3oYTYCaM,2GNFSsA-7a4YdhgRZZy3V,F-5uxQEKl34KCMUw8GLUH
yXMFCf9Nb9d5_AWxxkz4E,2GNFSsA-7a4YdhgRZZy3V,BbNxBfeJ7fUAVSAOwmFb7
Leu89DcvPYQS7SAJQsG66,5vvkoP2CRYlT2Pw238RIp,d2h7vzv2NGcloeL8BHkOz
P4eyC6oPkfzwIB7hxqHr2,2GNFSsA-7a4YdhgRZZy3V,d2h7vzv2NGcloeL8BHkOz
NhTejtCW3eLaMD0NgsO-U,2GNFSsA-7a4YdhgRZZy3V,rSgaMzYARNLZnuUKlEWIN
y3qqg1MhV3CVlap4OUjjk,2GNFSsA-7a4YdhgRZZy3V,e4e3lXHCQmkfXzMLNoHRq
cTzGhSyCo5xYdEuHzGT5P,2GNFSsA-7a4YdhgRZZy3V,80vql3qNhFI6450LtRYDi
m38oDiun7P0k-ht9xBpP6,2GNFSsA-7a4YdhgRZZy3V,SlC6m357Cm2isnr--Fgiz
