id,name
ic_g-DZTYDApZR_v7Cdcy,bug
wShxvytCUdKTRCFsKsdtl,connectvity
YXyjN2MHhT5nCXLFkCRF3,DD31
P6N3DsSsFKmG5zS8YCtAW,dependencies
BAmj4o_MMK6jQtdIWu0dl,Design Needed
lBKeew-TH9Q1xk7a31D-B,documentation
OaCzSFI8Zi5t-vJm9IPeV,duplicate
8I74WymPStQmYR5qH0qhL,enhancement
HyxMx-13tDaRyOXecI6Rz,fixit
O-TOAWhGViF_orT6LUAeJ,Future
HgsJeWYH-psK03VYxlxkn,GA
YF4G744_sJxg1hbAA1k4X,good first issue
p9R8DQLyTuMfGwONFfuQh,help wanted
bOJnAZWoFalXm6Ebznb_h,invalid
iRywMhC1XGIlxM79HoWZS,logging/error handling
RrCoQX185mFruFd__iRxi,mirror
csY1AZ2pGANQoTsCvqjfE,mono
d24QQxjGQg_JIWxxtxjKN,Next Release
LGBpCgpufXn2VLmVjscEl,p0
MxDn4Cvh11ZXJYOZkjYjJ,p1
3TZzFMI-b6rhOmEMd6vva,p3
8OkXGU7cv0xbt824RMTKb,papercut
WpYNpk-AV5BYxX6qoZvkX,query planner
qNnDk6lD8pl9nB1ZcIAto,question
_zR19hEST16-OJNP7ZvOM,reflect
kYiAYKfppxHQ0d2W1jLSp,replicache
O7X5bSqpNXbqa59XH4PC5,user-reported
pZAk02IsX35VBbmxht3rl,wontfix
a95LH0ZlaO_q6i39odtWs,zero-beta
7C_eVnz1U9KIjMIPKoXTF,zql
