id,label
s3Yh0HhGyv,failure
OFtKnIXD8D,navigation
DLIyqpNBu0,electrical
e81rJ4HyCn,software
V1b6Ia62UX,hardware
vLp22zZJwG,calibration
W2ARtdLiWN,power
LZo4gqRvac,communications
lVrwnyjLV-,maintenance
87zBOVsRz8,vibration
EZjuwwrDGT,engineering
uQifMdBug1,weapons
Uk-QezvjKv,politics
tg5ceoRe43,security
0Bvc3t7gw5,diplomacy
LJAT_wC4Lo,strategy
JkD_9d3JcF,intelligence
GnMpq3RpY2,compliance
nskHsJCWJ3,negotiation
2LJTTCR4GR,wear
_6gfeAK5zl,engine
wekrHUCI2S,escape pod
B_9GoYX9ZJ,bug
W45_7kpOB8,repair
UZGfmZACaH,mechanical
YPis9yQeXf,diagnostics
0G620a8Qww,inspection
557xG2MBX6,structural
-iRx9jmGGE,life-support
swg6DFR7O5,corruption
46sEpc4gc5,navigational_charts
lcsQq7-VGL,Rocinante
Qy3QQ84szA,issue
O2rGBIilXY,ventilation
abiPzPXFc3,health
NGv-8e5oFk,safety
qO7PcrZK2y,medical
MT-8A5R-4d,pipes
0jv1r6eqeS,life support
kxj7IsM6JR,hull
f9NHDaBFzQ,pumps
rIVZL01Vvo,water
TV0T2V64-D,emergency
BesxqQ5sa0,contamination
Xq_r8WVbC7,repair_site
ZtqAes6ARR,water_supply
-VfaBFPaAN,life_support
_7-hG5_0TI,fuel
NXLWw7gT7X,radiation
BoUzIgx_1P,environmental
NXyBNGE54G,gravity
ZWmiGBEoiu,protomolecule
UhnHMmtnGV,tactics
0W0isT2ImV,damage
pb3Q3C0Ica,meteor
XQ9YIYAzWP,shield
olPH8ONmFN,structure
52dYWeu9v_,sensor
Le13dgG7J0,fire
_mjmDmgAVJ,interference
y_QPTgJ3Rw,update
knS5yxL3jV,replacement
R9Dpd3rZpu,schedule
gXzmk4EwtY,training
7T-ot_J95p,environment
4cLCXCOrgL,configuration
4ncXaQ_Xi7,cracks
QcfYDtYO6H,welding
-Tij2Ic3cS,materials
LYMoUm14Lo,dignity_violation
4mbPYiq81Y,biohazard
PJW51Pz9Kb,privacy
IHBERW71Ff,nutrition
MmxurxlFDn,hygiene
TdTsB0--7m,comfort
ARM1s_jCrl,communication
YuU7HRqNBV,respect
VgIvMxkMFJ,dignity
uX1h-nsCZL,noise
zoqkWs7mSR,ethics
QJOgxHW25z, Rocinante
JeJjBonkS2,technical
2kSm9X_LsL,gravitational_waves
u9X13aveHL,firmware
RMlKQWEqx8,networking
tF-PRqwmFg,testing
-ZZ5LU2w6Q,jam
n9TjkGfCTR,toilet paper
mCZ38Y-lPU,critical systems
u19TJHW4yo,node
X1SkxOJFGW,data
cHcHh7HevS,sensors
GorjqSGv0M,food_storage
2QG-3mvAs4,water_storage
0gDPJeeuuW,leadership
J_ckpX_b_A,crisis
eZQbM4XjVp,defensive_shields
HTHZAS5fO0,error
ovmTZRrbnp,electromagnetics
XFVj5xSYg7,inadequate_staffing
2W3SpvA4Co,thermal
R6VxmftxOd,insulation
njprWsj1g_,cabin pressure
p58YeNux4u,malfunction
QssnEIHhS2,design
LAkwThZF28,upgrade
t6u8ZA8q0w,procedures
lF2KYhdXzn,review
NNBCi26IU1,evaluation
R_zg3bXsL8,chemical
M719fj76UQ,integration
68XJXSOYWB,amplification
boeYLf7ZLB,quantum foam
D-ITUpx6it,reactor
b5kWRRQap3,shields
3Ohia7-uSt,seals
0BosC7u9E2,joints
YqNeKZz_qE,oxygen_depletion
8BgnrUS76O,gear
I3LizadqFR,short-circuit
eflrhF2hXk,inadequate_supervision
nVESAa4BZ6,research
kgZOsorPyE,solar_panels
EY7EUHgs43,batteries
GBW8ICP0wW,synergy
HWgwOaVzMz,soundproofing
2CIn1oMZHK,bathroom
822pw0OMfr,budgeting
1qyrikA4Wg,system
EiNsuYGcIZ,combat
blUkvCjNKh,realignment
szbvHA3Lbk,recalibration
77qcSgbkJE,debugging
WgKg_rAENZ,adjustment
mzhmtrqPvY,optimization
Go_OXLDQyl,patching
LT7nVz5Gg-,airlock
ypx7sHRWua,haptics
QjxAaoEX2i,defect
rrvQxsNpLj,controls
9SoqkNpkiW,fault
h0gonyM9ys,feedback
Y5TEMvxovG,problem
JneelOBPeJ,surface_properties
LI4Q-M1yfd,cosmic_rays
9NlVo6-q6-,water_sensor
xus8gRGPtd,water_tank
nzCQBcLzNW,water_pump
Yy24Tlp84k,water_filter
2jYfcjEodu,water_heater
llqs_8JKq9,water_line
GKWR3rVcZC,water_pressure
r4LcNfBjqx,water_quality
JzDJSlxZG_,water_level
L_ocCua_ff,reconnaissance
QrzLZP4WQ1,log flooding
pNUS0qIWYp,network
fe0WU7P07F,database
17r5mjYCOG,storage
SjzIHA69sR,mold
u096T_Nehu,lockout
2HXKTa0Heb,weapon
U_VzDqVpxN,authentication
pw8E8vA97w,software_update
ZIMh7Zov09,user_error
chrtafX_t-,system_error
tSZDTQYH0b,network_connectivity
2o0Bc6LviX,authorization
0CdOJfNuOC,stability
vKgC8skHdX,dark energy
rlTnq7stIg,algorithm
LNiNpn-ulV,follow-up
1Wd79pq2Jl,thruster
rmF0gtjJzL,thruster_pod
kmBf8ORFbP,design_error
Qe8-8FVxrZ,catastrophic_failure
Fchdgv1RHy,certification
EuuTGoIgx6,dark matter
Eb-ek_sofL,shielding
yTeGPqHtv2,memory
sXM4yTqTTe,warning
aCO3CtxkVU,critical
O-5vv8TYxw,inefficiency
l67sZByEf1,threats
F3JUbkt4kR,supply
hQaSUQ2LuX,celestial
An6Y-Xrg5I,fire_suppression
SJFPxPG1PI,gravitational waves
dDg68ZQ36S,black hole
6Ul8sE59lP,physics
xPbkE4d6zD,biology
f1zcXTH3nn,mathematics
26uzdSR_Ds,chemistry
Rq4nf2Px_a,anxiety
8v2GE6fNiv,overload
FMb_p9-FW5,thrusters
LSrwzF0W43,vulnerability
mj2AQQtbOO,firewall
NpOr6QBo_F,encryption
J9Ar2d0fv3,antivirus
qeFZdH_x2M,intrusion detection
PzqYtwCovG,patch management
UcIIn4EiUw,malware
XVw7Wbg4jN,access control
9vP3Xk54TD,anomaly
2SfUykN1Zx,space-time
oaZIHE1Uw9,atmosphere
MxVmlcRa0L,rivets
3PyfddGdre,infusion_pump
Y2KBGwyDCS,inventory
v6mN7QuDs8,power_surge
88v3yPo8C7,threat assessment
-LSSUqphox,antenna
bUJT0UxX6Q,ceramic_coating
8b1-UGKP2A,absorption
RaodY0k7Cp,unsanitized
NcU4vW9_xb,equipment
78jtbVtb0z,impact
TMUqcs40zL,space debris
PLsDf__Ghj,entanglement
hCoxgTTHWW,glass
0RNMsPXDnb,ionosphere
EJBQwpRwCk,technology
4jf1oInMUA,astrophysics
x28vg1EpGM,astrobiology
lDwWlvKTRn,cosmology
XUhfzheWK5,plating
hrb0YRmfJu,containment
YcchPysZax,presenteeism
k6B8R3P4BQ,medical_staff
mtnLRMzLFs,gravitational_lensing
bgm8buigqs,scattering
8G8W6PZC6D,collaboration
g_f1mA5cMz,documentation
OEnjXDUyRM,data_visualization
fBvJr-PT4k,usability
Vpy6MFfM30,medical_tech
di639aBDbv,accessibility
SGz-pZKt9k,compatibility
9Y48KJFXPO,customization
G_XsvNUYWC,plumbing
rGfIsVLcyB,cleaning
Nu1YE2N2Q2,supplies
T82oPHNUny,pest control
kdIaLw7_TU,space
Tr9ZURE3FD,lighting
DnSg6ZCONp,painting
39K1HhNwQS,color scheme
i75PqZyjoC,conflict
cRpZ6dWhRZ,personnel
lleAFZl6aZ,drones
MSUfUBd5kW,propulsion
ixJ1dfaZDM,hacking
AB5eG5hnNH,facility
SkL-m-Sgx7,excess
jW_vSzKRQy,insufficient
kVGSnhAaOO,fire_extinguishers
vBoV-f1EUv,valves
MturCYrToA,aging
okgZhFQyuJ,procedure
I22Mv4L3Wm,quarantine
KQse2Q5fqg,battleship
iqNaV93cW9,misfire
aRVtod3n2B,gas_leak
Fozl1v7q3b,fire_hazard
C5eHE-4ehH,oxygen_leak
3d1Y6UglpV,pressure
PaeuVcMT1D,oxygen_levels
L9xCOmFsQY,radiation_shielding
yHoCfX2YRu,engine_cooling
SxYt0W24f6,fire_prevention
L4nloppMEf,hull_integrity
PJpn8JoWrD,electrical_wiring
ZAh6Tsk9GI,battery
KK_xAkyXPr,solar
cudhXtyoAj,generator
iZcepwLkWj,wind
PGPqcW4_OT,hydro
N7UUHwYodZ,geothermal
PHPIxZjNpx,nuclear
7QkfWDAufq,wind_turbines
TstQMSJbtC,cargo
Msihk4FfJY,grappling_hook
iqu4ROn_GD,maintenance_log
ZFDCL3zJNW,design_review
qt9Ky16Pd9,repair_log
JP3Y0ytBSK,testing_log
XJMgHRNCbK,training_log
zHz4gKfEro,design_modification
eg19b72Mz9,winch
k7hl27VEMn,construction
qO0a-3synD,neurology
CiWH7r94U5,programming
TmKqwfajoo,inadequate_intelligence
D8Skj5swj0,transmitter
6riy7tXFr5,S-band
-WwEJPvlZA,minor
IL6BII3rHq,urgent
ypzts3Ea7Z,major
AklMO_d38Y,stress
K9K84trlBu,joint
dALlQ34qGF,corner
o5OffTVEDn,leak
-z3FdsabvA,engine room
AUzJlOdcsH,cooling system
piHO6w5VC6,sewage
kT8IXc6h1-,hydroponics
UpUm7sXjh9,systems
e_lvc9xy9_,wiring
39gFmNjdCz,transformer
ibbVYUQyxr,fuse
704qpZsmN2,relay
2cCUzvH1bS,circuit
xXjdVkVJEH,switch
pkW-vEJunf,diode
YPU8v92pVa,capacitor
27oWnTGF1s,fuse box
Sn1WxEIs-j,fiber optics
kgqUGWPfsL,decompression_suit
iK0oCgMHWm,filters
huGK7UEtQI,hoses
qpFgI2Sk01,regulators
_yPw_zXK-T,heating
-y-SQqZElA,threat_detection
uXoc759T4s,rocinante
BjOIDcGnzU,structural integrity
QrgxAb_z8F,cloaking
aDbKjKaxkk,inaccuracy
6A0jcC34Vy,medical_records
iLSf_kvgee,counter-surveillance
cGuULOAxlw,toxic
W167tRZJu8,emc
7ya_YA7Ewd,solution
gx1_0rsNMt,decoherence
xNnYymtjOL,quantum
dgyGd03g2i,unstable_software
odnxlRDWTQ,propellant
9HiauoZOao,operations
DebUuqqSyz,quality_assurance
YlocB-mKDn,procurement
CbkZVgySOG,gym_equipment
l9PKlrMJ6T,licensure
Iism31jcM4,dentistry
ahyw3Tdh3V,nursing
Aj838X2Muf,pharmacy
lqUNORrkJC,psychiatry
bk28ExH52F,radiology
sTbr1AB79U,surgery
zjFHr4zt2B,pathology
NNKbDrWQ3y,anesthesiology
gHnH-OWAOo,ophthalmology
bQ7B-xFqrC,cardiology
VCuKtepaSD,gastroenterology
bZnU8M7_o6,toxic_waste
6L5QRGSfKC,oxygen_shortage
YYO0BjiWV0,oxygen_tank
ehzlExxj73,oxygen_line
HffA9eZ92f,oxygen_sensor
9diBKUMWuc,oxygen_regulator
7ea7Udoh39,oxygen_compressor
d2L5E3MnJH,oxygen_vent
OyHAwqrWMn,oxygen_filter
r5aEB8V0jY,oxygen_valve
cV_sSweeFm,oxygen_tank_pressure
KBIMmTqEju,oxygen_generator
E2ydBASP8n,oxygen_line_insulation
p_-EESxtwN,oxygen_sensor_calibration
0VrizE2wBM,oxygen_tank_inspection
0vT4_hA1J8,oxygen_regulator_seals
HdEz60IGAJ,oxygen_tank_venting
Mob52XwvHE,oxygen_generator_efficiency
oC3ibjUzZO,oxygen_line_leak
SJTIa-1qTZ,oxygen_tank_pressure_relief_valve
-StMcS8YEM,oxygen_tank_insulation
zbDmshPybg,oxygen_line_crack
edIIV8KJ2P,oxygen_sensor_contamination
5u0MhCGvHN,oxygen_tank_inspection_log
cKcMZ3MB7K,oxygen_line_corrosion
WQelhUGFzf,oxygen_tank_pressure_regulator
mUWL4JfOdF,logistics
3WGa_UbzOA,paint
y3HEcP7axC,singularity
OTrCQNVOJI,cosmic rays
ScyiT4chU0,waste
dVnM5P7DBi,heat exchanger
IGzt4tRaT5,crew
DOfKkbeVip,thermal management
0WS2Qj7kFV,solar_panel
blTSSbwUIp,vacuum_tube
Wl4MHoYLqc,seal
BysBq6qA8k,ejection seat
mPb-qGc8EO,structural_integrity
LkHra8P1BY,frame
k8kv9wc2z1,keel
tgofgtskno,girder
OXmY6j-mrw,beam
5AkDLM-6lq,traffic_control
8NR7kbH3ut,excessive
kD5svA2fYw,jumper_cable
L-7LgIQUML,lag
hmGcPCrUOA,joint_operations
3JYfOQRejr,cracking
7TD73QGWIO,corrosion
zB2XkVJhW8,oxygen
7ldJsK-5Av,sulfuric acid
k7_ebL_09t,helium
YeMxn7N0CX,hydrogen
cQKFcBbGs7,methane
OjoTNMk0yS,carbon dioxide
9CrPr-DTKY,nitrogen
LveWbG8KeI,chlorine
xbg-4BU0I9,argon
sTu1QcsoHK,xenon
S6g7-vBGwL,neon
8vYRbzq7QZ,helium-3
EOVAdEc3Bm,hydrogen-3
GgJO4MNs9S,deuterium
Tw-LmRBY4c,tritium
OuC2wVyl7s,fuses
QBj1cD7oP3,outlets
dRLNtRlLg6,wires
aMDrHvowzB,faulty
hfsR_oeKDS,shortage
NXK3r2-D2p,recruitment
xyohJMTOj0,morale
1sOJidlOPK,education
_54gaoXpPC,spare_parts
5AnYeWlADG,alien_theft
yFwDCRfbVo,alien_technology
Yxvx08gMHp,alien_biology
RfJ723l--6,alien_language
MNccUYskdg,power_system
vumLAoRlZN,alien_energy
mitbNaRIYL,alien_coordinates
Hss-YAIRU9,alien_materials
i6WhLLkLJ1,weapons_system
kZPRqdfLo0,alien_alloy
cW5BRZUenB,alien_biotech
xa9yA5zoyx,alien_network
Au9i5NIW_Z,alien_batteries
TIJcBI8QKM,alien_maps
w4we8qIREB,alien_ammo
iR4SeQKQzj,alien_components
hpjhNn7Tlv,decision_making
i4oDH8vtwE,wormhole
bQibuZfGyx,Epstein Drive
gCKnN3Uwtn,Epstein Drive Thrust
CkCb6lfw_u,Epstein Drive Cooling
dvgVdkzENy,Epstein Drive Control
IrXIQ9otoe,Epstein Drive Bearings
NNYilW1ofm,Epstein Drive Housing
fY8mG6air2,Epstein Drive Wiring
8mMN_kBUWR,overheating
kVEflas1VP,Epstein Drive Lubrication
SmoplwxeyG,worn-out
hwPMQOpLIe,Epstein Drive Belts
ZUg6iEPhVL,Epstein Drive Electrical
aVNGzymIMN,misalignment
pvOfv2jXGz,Epstein Drive Gears
eUt5swvEhG,Epstein Drive Seals
MBnNZ9C5-J,human_error
lefrRJ41oY,targeting
KYath2ftAB,LIDAR
tMfxiJ_CHG,protocols
g7IeTqAEgD,debris
ExltqOaaHW,emissions
6EIhkXmc11,electromagnetic
hHKbk5mBcR,oxygen mask
5SBVaW_HOY,design review
AeoO7FopYV,training material
_obEXPiEjz,maintenance schedule
_uhOJdxRBU,design improvement
Ba72S832n-,software patch
Uetsi9j7FW,rifle
khasxyD6mF,abrasion
4R3Mhm8s1b,dust
N7bbYodUf-,exterior
1E022Npx9o,flood
v2HCsUA3Xg,water tank
UWCcQHKLy7,water pump
szsbWXfFba,seawater intrusion
kR1WTkug_Q,damage assessment
tGS5Ooa4PR,water leak
ROHRJIMMkN,water level sensor
stgeAwywkZ,water tank design
pbvNlzzFNv,water pump failure
SHIKP5Ts0_,water tank inspection
0Z9zqtsVHv,water tank material
CVti9_ugy-,water tank drainage
mN4pv0TIaw,water tank maintenance
yqwJCtcDfA,excessive insulation
R2QdX_zZu7,filtration
Xe4G45GEJO,allergy
nnBOg5lxLs,toilet_paper
mV9RlZ3guJ,magnetic_fields
ZaHS7LZaHy,food_safety
Uj7u5Bm773,cross_contamination
b0L7H2hr_I,pests
DQZ9F69-0p,cooking
YiV03-UPsp,recoil
WtMkgNrCkp,frames
LVoLGmm6ZD,walls
9hSRz3XDLy,floors
JW28K4CM8g,support
hMH9-WtUVA,point-defense
A08nlWRwhj,alignment
NNN9HjfqbQ,coordination
wCYk-7xI9w,priority
3YtEVrhUkx,systems_integration
7mCrz_qoh7,Warhead
WH658u6Umy,atmospheric_pressure
yFfC_pQcFj,confidentiality
Ud9JCB6MQ5,jamming
Nf2Z2g59y3,wireless
jIwfiebX1p,scalability
Rzd4tRLJBT,magnetic_field
nZ0Y6eOmaX,life_support_2
ZjB8sNbjFm,communications_2
K0RtJwErU0,engine_2
6jGgCYiO08,sensors_2
PRMG6avIIB,power_system_2
KpnaOwB4qK,shields_2
o0WmPVlvxN,mismatch
fBIXOkH-lK,explosive decompression
INr3LO62mG,lost_item
pHGlA8ZhUj,electronics
nSrBKQfy9W,comms
ZOcJ2S0JJN,prevention
sz-k-t9YI2,drain
7MbEVvy-UX,protocol
xyAFPcRF5q,automation
Xv8GKIVBtS,laundry
tfc5C8hmaH,espionage
OzOWa-rvne,hydraulics
duU6CTxJdO,flooding
HSZgdR5Xe4,supply_chain
97UeWts1nt,hazard
CDavP2h0z0,navigational
QAzpJB-4hv,gas_cloud
KUUXWc2gsU,nebula
uDlsTlILTw,septic_tank
A4bjzlVAIF,toilet
Jr9R3b6-Sv,enhancement
jmLd1kqKGe,refraction
sGGptnRJwF,oscillation
1-1kdAjxvb,signal
yQGotb_nT7,ECM
Bi2OtTZraq,science
rCvpyjWuyw,quantum mechanics
aLbMDlNA1b,stealth
-QHnwJMd2w,cooling
SmFxw4c2QN,objectives
IAt1nHQHTn,panel
Gmo2PAL9Nr,flickering
t7HOv5i0aN,treatment
jTC-AX2tzr,disposal
4mLsea9BhN,sterilization
ReHWo5kqBE,transport
LZHEvyfyl9,lifeboats
FO-IuSRgbl,crash
lhcBa6y-co,complexity
Z06h-cNC6A,interface
bsGHCOdTzF,control
RCE55p-U5C,strategic_relations
bSZO37NW6Y,trust
yTuKOQQ9jV,loyalty
OzTbLLWdRr,conflict_resolution
HlDJC41cvW,alliances
BhkiqgPRnG,glitch
qu1_N-IJv4,map
W49xySxMME,route
ZLYbNXuvcU,autopilot
P8tc5bbksd,waypoints
hgMFsUkWYI,heat
85GRKdr0rW,cost-cutting
KiYgkoCF9S,electro-optical
ZdpB38r2Em,electrostatic
pamJv2-sl9,staffing
fXye0qeY7l,data corruption
-HdViX5UPA,high priority
NyzAprDFF0,medium
zUbmLgBbA3,low
c6U08DWnnK,grounding
sFeCG-k7IX,modules
DRl2mPxIxH,habitat
vr_3sbbwpk,infrared
lmL11jDOya,alert
IL1BZSFjEU,compartment
UJ5xQPcZUD,redundancy
cdDjGmRbqU,evacuation
XbPdMpZvye,lack_of_surprise
O_9t70BHby,particle physics
-v-X8RGEO3,guidance
6QHUPvtr55,formation
ElBEyl7zvT,radar
q0wIUWPZpf,temperature
8Byj69pWzt,humidity
hkNQ3yF9GW,instability
A4fCoZYoL4,alignment tool
IUpZL1B73j,sensor replacement
dR7n4S6eu9,calibration check
v75ptimS0p,sensor adjustment
rZYaP-mn6T,alignment tool calibration
JR0h-24uqI,realignment check
g6mcs_YWbf,sensor replacement check
3A7UCgYPdM,finance
m2Haex5UAh,tiling
XUB-cHVO76,diagnosis
Vij74_8MwH,intrusion
xNfU7uqg7-,access
ilewf38JUz,tank
n7UkYlmvsU,bacteria
Lz0I9B1HLJ,chemicals
j0aFqElxYW,sediment
gvqlCRyPje,algae
TlBtpb2To6,metals
qcvmES7dz7,microbes
thJYKQKWkU,oil
C0q7vxx0s9,plastics
bTDfRPFMDq,precision
kf6ijxXZ0E,toolbox
KGpG31HNhL,screwdriver
z08pQyfNdf,pliers
SZrPhC04qJ,hammer
tkrlDhTL2z,socket_wrench
nYDoHrWrNl,wrench
iMvC8SOqVk,cables
tCaoeGCfyB,exterior sensors
MqX1Wrv8pS,ammunition
_0RP6frhnI,loading
fKFbXG145p,legal
iBj5iYEffz,fluctuation
0pG82hDUvv,projectile
79HFLsL-O1,explosive
BhMwIumg8G,plasma
ZBxq-C7sCO,missile
RhS3DBCevn,torpedo
wc1QXfxmAw,laser
mUNiUK1us6,hazardous
B921EHWq_h,docking_computer
zN14Royb1H,docking_system
V3VmarLHhY,docking_port
98JQXuCiYT,sealant
_beO6Smo63,valve
0gS25WqHfu,drainage
1F13YbuHq2,gasket
LSJJfoRIMV,hull_coating
QSii6ukyfd,pump
lCwOGN50gS,hull_damage
Vj7f6jJJLr,valve_handle
tsC72eNnbN,hull_seam
lvoqB0trpB,hull_plating
2RsqHQEAcU,alien encryption
0Q-NYeT9WO,UV spectrum detector
7jh_ANd6p6,quality
VAlYzJFyVq,control_systems
AaLbkDoIAJ,connectors
VpwjWObd6A,relays
-oBXFrh8ZS,brownout
LOxMDgyHYh,medlab
tWIQbBvwdz,cargo_bay
Ik-wytVCfq,engineering_lab
qVocIJlhQW,odor
VguQ1k9Zgp,fire suppression
M9qssplP77,air filtration
pUU2P1fn28,spectrometer
1HOizLFCp8,thermometer
S0oHOxoc2x,mass-spectrometer
UcxRznu7B1,gyroscope
TB8fRzA1U9,accelerometer
rH3-i6I8IE,magnetometer
HELj9kUIRF,spectrophotometer
PSLHArIeUg,pH-meter
W_AUXBAtBU,temperature-sensor
IPQiiD5ntp,pressure-sensor
XElX5LUnNO,humidity-sensor
af7j2A40Nj,flow-meter
JaIj6nsMig,pH-electrode
28edQAUe9E,conductivity-sensor
2NCsau4F7S,autonomy
Uwx4wFfQOD,psychological
hV25h6OEeH,ethical
C9SP1jzips,emotional
EPAmcUnQ7k,medical_waste
ARwKz1ITyW,toiletries
7iTaBXrn8G,oxygen_recycling
LHJ0_eAM76,air
-9kqILBSDb,disruption
xBZWC-oBA3,medical_supplies
QMFgZUmZF8,ambush
sdMKZHSYlm,diagnostic
Nmbac-hiA3,infrastructure
BjydIMl6Eg,alien
sv6wL9Qf6H,backup
F8AYrkpf1d,monitoring
byVS04winP,main computer
6qhthqNs3H,input
iM6-P7F6o9,output
XAN7d8Fv-E,virus
cRlu6r6lCw,hard drive
uykhNDr11F,oxidation
quVSqYDP0k,coating
fTOxWAgcIc,composites
EuJWwsTC_3,luggage
j4vq1GjKss,dark energy containment
sLY8_p2t8O,dark energy shielding
HitwaL6TTh,dark energy origins
P_WCeOs-zw,dark energy propulsion
5A8HU7bqyV,dark energy interactions
W9jWvm-U5y,thermal insulation
10JTIdrAc6,emergency_beacon
AmCgR_kXlL,epstein_drive
tazzLm63E4,mission_plan
ypiSlirWzO,library
XWK8oOMmen,particles
xQuKrvO9C5,supplier
zWAJx2957V,safety_interlock
84dgNH7JVG,engine_room
nztBtOOOav,bridge
7RHeJzKdmQ,medical_bay
Yqon70bP9y,sealing
oMTtDeutYL,inadequacy
A2DwL2oqQF,incinerator
EiWzY4hFd_,solar panel
Bxvb2B6Xjr,cooling_system
3ddrirE3qD,tear
UahNxssCza,sliding_joints
HuWU7q9yBV,sliding_joi
NDzPJqRCoN,transfer
KTtBAh5sQ8,filter
4-A4no9rHg,simulation
AaBJfPm5W4,data_loss
PWfZnP62sk,experiment
rwyHEPwXT9,cosmic_radiation
UdjBJ9lhns,power_management
Tbuc_s-dcH,hardware_failure
QaxiahitYd,network_congestion
riOLwLFYrR,software_bug
GDHfUnY91-,temperature_fluctuation
0w1T0Yh4Gt,charging
ZOs9GY8iCk,asteroid
LoeKnydtaE,alien_tech
0Ke0pPRHC3,aliens
u3uyBE4IWB,space_debris
rejXgcLK4A,sanitation
Gko0ZLpfjL,oxygen_generation
roCQx0unlP,gas
Z6zDKZkXqp,oxygen_tank_valve
fZu5X5tJeq,oxygen_filter_replacement
eJiXmGdnZk,oxygen_generator_seals
lwlQL_hTCj,oxygen_line_replacement
8hvtQGKl3X,oxygen_generator_cleaning
0_8pISzsv_,fasteners
EW0J39Az8b,planning
ENfgfmXLnp,missing_data
5BXuB8ii6O,reliability
vYo9ZrM9Kx,climate_control
zmU6O9QGUo,resonance
M8bzP7Dm7H,material_science
kpQMBfk5SS,vacuum_welding
qkx5SK4wzS,investigation
sgm5dstc9B,blindspot
v54S8Wu2Gt,sonar
4S_IC6qVvj,multispectral
jqpTHtxupL,magnetic
I13z6qIZ8A,neutron
0liWnOf7P1,gamma
iInPlTjLFv,x-ray
59sRtHd3Qg,ultraviolet
nNIm6WNHoP,microwave
troL4UgfAH,seismic
6dS0uHXmFq,acoustic
WsKVyuGKUR,particle
vHvXv41bcq,mount
dlCity3a1l,performance
XdRvPy9DC6,computing
_QBCvAdiek,recycling
VLsGIs_gp4,mentorship
b577gBBULM,mentoring
WZKMRG9c_m,continuous
HW4_aCu7pB,retention
2XeWYYGxNK,vacuum
konDbIB6bF,incident
03yHU3-FDo,isolation valve
FV8xluKneX,cargo bay
IKnInTsjok,exhaust
YUfX2ZqcuD,celestial bodies
gkHO04gOwM,contingency
iFw8_xhbUa,outdated_info
gkqmAY3H_P,dark_matter
xrrSYmD7Hq,piloting
CdOw-_tT7h,analysis
hEae3F-Iri,maintenance_check
OpcypHf8s5,research_grant
lYOfQ7guqQ,checklist
wPEmogSvY-,rushed
xE4819zJso,rushed_repairs
FrQOd6vpAN,radio
QddhPJgm6m,maps
aQId3VIhJV,satellites
pmwWqqB8WU,theft
GPTv5UQL1d,rationing
FO6xjKzA65,weight
ckL0EcJKxQ,energy
zUKdRuN2E6,quality_control
bj2XFlWuYY,integrity
RWomx_Tbeg,Malfunctioning Medbay
7pyVyOE-SB,leaks
Xqu-DP1UAp,motors
MeXlhklNxc,ECSystem
aLLVUA2pBU,internal_leak
0BJqoKEiU-,signals_intelligence
7JZHr1lo2Y,language
zWiUZ2cTCY,visualization
VfJ-oUBrPb,escalation
E7cdotVghi,engines
dLUCgSzhgL,windows
6WoyAP9Q0r,computers
QmG_ZNxOEf,crew_support_systems
yExirwKkVQ,ergonomics
gQH4O9jeqG,aesthetics
BdRRxuzI41,workflow
6zBvyZr8-7,repairs
_fU22csOSW,doors
hWL5MwsruZ,bearings
AJFwf3_w7H,gears
a6Z0pIWGU6,inadequate_situational_awareness
SbLvGnbTTj,astronomy
IsU5FlDeSb,phenomena
LDJJzLUA13,external
veywPr9dP6,weather
fBpIaCvbiu,asteroid field
sh7bKD3ZiW,mess_hall
DwP24sgjgx,alien_habitat
FgNIDjiRTG,environment_control
pZsu9fHJ_g,alien_lifeform
q24NU-KLZq,alien_material
scs00aIc3S,power_supply
z41D1o-ZpA,oxygen_supply
t6AGl28eOF,emergency_systems
95ajpTBd1V,oxygen_line_leak_detection
wunNQSMBw-,oxygen_tank_vent
9mc4j7JOAk,oxygen_generator_catalyst
64qN2x08Bs,oxygen_line_insulation_repair
zvRILaVLqA,oxygen_line_leak_detection_system_calibration
ynhr923rpX,oxygen_sensor_replacement
bIcnLKWvWt,effect
C97pV3vZ7d,time
_pT56wYwlN,geology
GMncduAO2r,disparity
Z0e5YYqSBk,warning_system
m9rNStFyfy,safearm
GrT-PmxHeI,thrust
myINMMPxVC,pilot
3Dq_XBmVue,conflict resolution
Rip0rf5gmT,professional development
sHEewVqNaZ,policy
tFLNUBJGXB,teamwork
S8SMZg2yN7,hydronics
2HOS5G3SsQ,water_waste
XdBL1F60MJ,sensor_failure
ijpjng2pvx,valve_issue
fCQH8dNoXV,pump_failure
OGHvNAcv-7,pressure_issue
V8_TkouSaP,insulation_issue
B6Q1RfkXyY,flow_issue
kSxonldCIv,sensor_calibration
NSL2s9_1oK,valve_actuation
0_ue9MrZGf,pump_seal
nfNYCtRjIa,insufficient_flow
-xlNRLlqvG,temperature_control
ij3x6b9NO7,camera
tOP2pYZ0vT,aerodynamics
sme5q_k9Fy,electric_field
k-tGOqzmSM,FTL
JC5jTzjCPn,cooperation
GRE9B6PiUu,food
Nju0JgfiGD,resource
4cHYFiiD0C,wear_and_tear
S5jmdCh_Q3,trajectory
8gydWulQLU,regulation
fQ-Rp2L57-,generation
StfWmzn7CK,distribution
vvQnoBrUrE,surge
QfpcI8hBXA,faulty_components
QAeTsfzgRT,weld
6GhlT4Ihup,toxic_gases
UpaGDld-lP,air_recycling
NxHOP8yrjj,air_quality
zeICPIREfo,miscommunication
oJFHLYO-wd,friendly_fire
4ixSPYV_4g,manual_override
NG2FayVKp7,pneumatics
2b42HVuu7Z,leakage
FlZEqLcWMv,personal_hygiene
05lk_Zs9VH,extreme_temperatures
ruH1wOccZZ,time dilation
QGj32pwtx8,power_distribution
P1d05FxhVM,computer
bXhnIus7Zq,lubrication
vrUczwG7Vs,upgrades
uPMWD3JVLo,record-keeping
q4UWLsZDTq,toxic_substances
K0bgVLoxIm,water_treatment
UAsN3Y5jTA,water_filtration
5MCoV9o3_R,water_purification
jA4i1BDWk4,water_contamination
-z66Ou-Mb8,guidance system
y9Osa1ECyf,thermostat
yUuijByh_7,technical debt
2iYttwmflm,high_priority
RCi7sv-uj3,main_electrical
Pur4qLz9tt,inverter
O6LZvkTudr,alternator
YlJuqRxTCz,ion_propulsion
tdDvyDfZl_,coatings
_1hKBNpBep,quantum_physics
GDONK0qFjn,computer_systems
TOYvBMai9p,particle_physics
spqK8SmnC9,astrogeology
bO_GrLdohS,gravitational_lenses
JtsKqobhCT,optics
9ZzIGsW5Ai,pyrotechnics
THzR93Juuz,acoustics
RuHV7B6rKg,compression
u3UcuZYYtJ,timing
Fup-m7ypUY,fuel injection
H72OUXQAgM,ignition
XpRmEk6b33,air filter
2QhXoTIAPq,throttle
oJCp7RM_94,crankshaft
l85TuwWvZP,camshaft
UZKe9DPlfa,pistons
bvhKKaL3Tj,timing chain
qhHBuiSjrN,crankcase ventilation
7JzBQoykHc,valve clearance
mVbE8Kqaab,fuel pump
uZsjwvSQmD,oil pump
LuGCK9OHpd,coolant pump
nsa716JtxF,air filter housing
qP1PNO5Hc0,fuel injector pressure
Ntqcx576L8,crankshaft position sensor
LORwNB6Ld0,label1
vrk0CSpWEA,label2
966AAxvV0E,resonance_chamber
rIpvOxkleR,loading_systems
lMNfidsqCB,zero-gravity
i9tfYpHlIy,manufacturing
KGsr3zDGDo,accidental damage
yk2ExHRLvl,dark_energy
paCYbA7jVR,gravitational
69tI8pIRQf,detection
7WABY9Co90,organism
mLkm09C38Q,emp
wE_C7sdBDg,hull_breach
qKfOPX0o4w,weaponry
i5PkmREcrw,light-speed
Dmnb1CVDmr,ventilator
rEP7bYyYtO,hazmat
W4-mjZOSCw,crew_safety
XWDCqTJ8j7,med bay
hdCughRU-q,power distribution
sEq9w-VLaE,deck
Zr4BP61jOH,artificial gravity
1hvE_R9ufn,imbalance
dzouoTXmZf,weight_distribution
uKyK5TsClO,missile_guidance
bh-XHcCsKl,missile_fuse
dtL7TvNkZ2,missile_warhead
nbI_qAcfVK,missile_motor
FekiMLwotW,missile_fuze
urDtl2bnof,drift
nqyyITEMt_,magnetics
UhxKKDWqHV,gravity_gradient
OIvPzA3aQe,coriolis_effect
C-lc6yY1RT,ui
tjh3-bzzk3,time_dilation
UCYTCq3eAl,solar flare
Gwk26YlDK2,radiation storm
qh7LP-UDRG,landing gear
DvxSQzd9SM,fuel_tank
UwUOcWqhoi,fuel_filter
lWJq56CR3L,fuel_pump
KAZp4ZX4iy,pressure_regulator
QEPHL3UrIM,fuel_lines
OxdWlKpuVK,fuel_injector
TlnNcKAGRc,munitions
intEXuONY2,air_filter
C1ItagDJ1U,medbay
_aUxZAB-mM,toxic_gas
GP_us1sjmp,counterfeit
4xgm1IoBgu,bulkhead
F3Meij-i4A,holographic_camouflage
eN1VbOdjHU,improper circulation
_J0-zBVHIN,air circulation
7oylhn0AYK,circulation
1l6u-ozQ4Q,kalman_filter
sGG2urKt3O,explosives
rS-_MOBx5I,misuse
PXVHF4MrP6,transponder
11UEEBhIL9,identification
-Igo-llcpl,funding
rBT4ej7poa,defense
5CKLebFNFO,hatches
5evzGbiFjU,incentive
wZhSN5Ik5R,phishing
WHPDZmFW5V,email
AZKG1m7H2R,ransomware
YS-sErd4Gy,DDoS
0T-KX-NhMT,cloud
F7PMSLNDp8,password
c4etMlmgw0,spyware
CkMhQJ-8DQ,browser
NIb6DlTWIR,trojan
6AqdxT_FaP,worm
XWp6BmQUgF,rootkit
C0EBW6fU9c,pressure_control
J5wdrI9TMi,improvement
Mo4DSy75s2,records
i2vdDRDkcQ,scheduling
uBkW2xe1GN,instrumentation
o2ZJjKPtZD,air recycling system
aDmAnepznW,weather_monitoring
KKDr1q7aB4,medical_technology
icj_dT1PwW,micrometeoroid
2SPn8lGnyM,hull breach alarm
cIEKttUnjV,troubleshooting
7u34nAAlbS,propagation
LDUY7N4FTV,gravitational lensing
VHrMlTJpp2,shipping
Hk197hl2a1,voltage
-Cr_rcMza7,water_scarcity
eB-9H8PW8h,oxygen_system
emg_X9hzoM,heat_exchangers
u2b8mop_1z,air_filtration
5Lb4VbjQoE,water_recycling
lbAL8le6dW,artificial_gravity
3rGdLwKyoL,communications_relay
NB7hhmJ7xk,life_support_backup
GjgxnO-4sW,engine_backup
NNHiXCwRUV,thruster_backup
r2nYMT2jGz,shield_backup
b6yDtscWeQ,medical_backup
zrifzLyGky,weapons_backup
SgqQaz6yaB,sensors_backup
OMtu_DXAsx,hull_repair
AQt1jaNq5D,air pressure
-tfXvPgxon,air compressor
cHJwN-Abkt,microgravity
ZF4Iio5io-,warp
vJ1TlFUAQi,grid
-mhi6VArJz,sustainability
lJAa9G7nqz,atmosphere control
T7DXSfu7cD,PDAMS
F9Z98GLM0G,fatigue
qVaY5IKwUE,reboot
WDaSl6e07l,magnetic containment
ey0n8FBIpv,abuse
KP7nxY6eOd,physical
Hz_9hWLZZ_,verbal
VNt9RY6k7Y,efficiency
BjvW-lGMTX,power supply
LfuluizcBw,gas supply
To4bfvitMD,metallurgy
PXx2GnrqJX,attachment_point
s3ZwgsdyI3,life_support_system
keFP4xUtLW,communications_system
PiqO2_KiVe,door
960aE_jDWA,gaskets
XfPWE0Zjg6,connections
s-hurjkHf6,tanks
nuJSjs_l5-,burnout
CJr8qkXqQP,crew_welfare
UqG1ofeNbX,mental_health
ki8pP3QIFW,work_environment
dS9gzS2SAO,workload
RnphTZDuo9,ice
d87RbqBObE,bulbs
f2dCq6I4qe,switches
ZKzBPoZXZp,continuous_improvement
1nE9JjQLLY,empathy
hrAvVzfJto,crisis_management
eKjz58WWR6,emergency_response
jNu4__G303,patient_care
wZFvygBu3q,storage_tank
f2ZkCSoVdC,water_intake
UOuDVToU8a,water_hose
8r9txb66LK,water_containers
0Fdp6ZCs3m,water_tank_heater
ucwNE-ct_f,water_pipes_insulation
2Srhsi94Xu,water_filtration_membrane
n9-wgSMs1n,water_tank_cover
Y9kBt4Tlht,sensor_damage
u-apAitFnM,calibration_check
5mY3c8-S7P,sensor_alignment
PtF3XVHh-3,data_processing
PjyId8psz2,sensor_contamination
yo2j9ttSgu,load
h5u1mS7suK,balancing
v92LGhX2fS,screen
Jix_mPwn0-,assessment
VI-643pxKa,extreme_heat
wslWtZB-sC,extreme_cold
s_5CkV5Jlz,isolation
gQ7oh6Avsk,psychology
MmSHq5ouGa,heat_exchanger
EeLefkIxRh,fan
4NPEp3kmOE,radiator
fYm4ifv7bo,coolant
CwPxWd89ZC,condenser
E7pmcmhL7N,compressor
bofimT0vrs,heat_sink
wJGM-_qoRl,fan_controller
oxhtgiaefe,HEPA
7XCN1yl5RY,livingquarters
h_Lj-a3WHU,optical sensor
h81GSdSP-P,firing mechanism
w-_EUSPp-k,docking
im2xP6905D,infestation
IOHfA2aE0U,rodents
kmq61gJlKM,pest_control
VKWHBm3Qo-,infection_control
vO14woYlKS,waste_management
vdV5KBjmAg,food_preparation
I-yFj-DpEe,personal_protective_equipment
HHeuf6grkL,disinfection
Smn4wrrtzl,pressurized air
q48vtIveQS,gearbox
y2oYYotSKe,radiation_sensor
_uf36NrZL2,radiation_absorber
XlnUchphZE,radiation_shield
klBStdktfi,radiation_vent
J0H2RGPgzl,radiation_monitor
DOnvQuqyOc,radiation_seal
NRLx5b2uoy,radiation_filter
WOI8xX85vk,drive
faD3UhDtVG,negotiation_breakdown
4dvnmtsK1l,reflection
SF-MCQd7x3,water_leaks
U-zNtX1Mi5,water_temperature
JVtFVlVMsf,hf_radio
N5XyIGsAUu,docking_clamp
NbWyIehD48,sensor_malfunction
9loWSgEB8b,tactical
4K5_kB42y0,outdated_software
8EgXzsH7Vi,accountability
BUpsjprzyj,mistrust
IO5IUBaNnf,astral
kjOcHc7ALw,instruments
8ULSsG6AAK,food_supply
_54lBB-efZ,life_forms
r6oKWfEI7H,jet_engine
XnEaKZqlPK,hierarchy
xJ1w6R4P2W,erosion
30Y_MexFIi,display
A5kJX_F3Xq,moving_parts
VgL2pjvdQH,solar panels
gwjGtBnSGB,fuel cells
yxhPy-DomU,solar sails
y13QmtLJsx,power converter
evu44K_uNT,wind turbines
3pd9uA4LFh,adhesive
PiVIb9w3v_,oversight
DJFqOz0H7M,interstellar_medium
UF0ZXKY9ky,evaporation
DAwLVuTsum,retractable_boom
QX7oN2WTSF,retractable_rover
YcXfAiK6lx,retractable_solar_panels
TnTP_BJl4H,retractable_landing_gear
E-VCJiwlO7,retractable_ramp
XQlRph2qEK,retractable_cargo_bay
nxU73388NU,retractable_radar
2L73eYeQnr,retractable_air_conditioning
PvM_YbDb50,retractable_lifeboats
jf7_RrkKfg,retractable_communications_antenna
NQzQVsjGlN,retractable_shields
zAHv9TAm0P,retractable_medical_bay
0bmN1yXI_Q,retractable_engine_nacelles
SsOgZGSl3u,retractable_engine_thrusters
ZJvENEE6mp,retractable_life_support
U2oOy5nNm8,lights
FFf89bIdSC,measurement
Xd_whcRyZu,inadequate_disinfection
avDDDqUVQf,data_analysis
ng779flNSI,mitigation
pabJy7nv3d,defenses
-DrkOz-fm7,acceleration
5Z8VYTufwQ,density
dvM0tlJpMT,turbulence
-SRVxGXjDY,distortion
Pksoeq-APp,gyroscopic
_VQeuOg6Cn,stabilizers
r-62G08NO-,gyroscopes
ZlpRmyPiKc,jamming_system
F3MZHoL1Fd,rebooting
jUncioZlpL,crew_morale
njP0rfa9HU,regulations
H1CNgia0Dp,personal_protection
mV7muw_Ef9,emergency_procedures
4FeHoL_PG6,hazardous_materials
Dvtu23oXYo,infiltration
xn-ekY7H3E,unknown
iy0eG-KYkt,surveillance
EeWQEnRnTp,external_attachments
hBCZKESxwp,modification
jr6nF2XP3t,faulty_component
CVRdR3SWrk,engagement
YDH6yzCg3P,crew morale
qfuw1kr0We,rewards
zOG7_yE_5V,work environment
BV4lXHrmCf,team building
a2O4RFO6CV,delay
vujPwo1-Ta,customs
e51EzptCRy,political
OXSA-Swjgt,flooring
hFH-1gPtaf,mirror
B-KhzqSgjs,shelves
fHbOJ90ay2,foundation
-stsZ3PUqe,floor
CIgeA4jIs9,beams
-zC-xlCNhL,exotic_atmospheres
wLLIcgtXBR,heat shield
0x-uE1dLEE,neglect
XmWOVyOltG,IR signature
HPRDHbVBoV,IR system
OnQmubJ9IK,IR sensor
Wb3d22UY7D,retractable
RZW65zMlZ3,LLEGO
Esq7BWEyMr,composite_material
yW2jTTBHf2,staff
y8GKo4E1Zz,experience
SqKLfKcAVx,power_plant
yhvykz-NDe,environmental control
rLJxYQiDJp,genetics
o4SlddFllI,budget
9jcG51wIka,grant
FZkgX-ufJl,partnership
TiPB-z6B1X,crowdfunding
vG3kcKY7Mz,cryo_pump
I_fSD1ANaN,cryo_system
z-qIeRZsTW,cryo_tank
PdPtL2vhsc,water damage
V1jzO16bv8,starchart
wuWHT8Tl1M,outdated
Wcpu9xxNCY,spoofing
k7-duS0k3z,EW
hI2booxUIq,countermeasures
e4RPBIPmli,impeller
xPqQY-TZav,motor
CPBQo9I5CI,mechanism
WjGWsJKcmA,hatch
WvWWV-GSSX,medical_equipment
5TssK-IARS,samples
RU5SLFa6gx,terrain
AKEy3uuJMv,spoilage
Uj5p8D8wfF,allocation
1-oa2kGEbg,preservation
WfztU5wuH7,production
xI1d1zRtnf,variety
z_rmZ8Mm04,silo
3mvmnYTUB6,solar_arrays
A0uX1ogE3q,discipline
yKpQ1aIM_q,fire control
NUoAOfzoM6,rocket
1iLawCJGTq,fabrication
ze5LF_WHX6,magnetic storm
d-Ql2K63Ty,cosmic_ray
nJAnyZXLNC,adapters
orLXPgW6xp,tools
FW9ep6jcKW,scheduled
e7RPkq124D,routine
zCB9zj8ZjP,carbon_scrubber
OrEWc3lW0u,fixtures
3CXlUNekAH,damaged
OdYanZEhFO,worn_parts
2E0KXdRkWV,lubricant
9GgFPXUWz_,loop
7uPfUEPFkl,catastrophic
aEIqvwm7Gc,drone
0iNXOYVU01,maintenance_schedule
BFSuk3ufss,training_materials
DcaYJkIxK0,system_integration
XNv4ApDhJM,system_monitoring
fyt-sT0KZu,system_upgrades
r-BD3UhaZH,system_maintenance
M0JXxlKfOo,system_documentation
fnEo6S-tL4,system_testing
kjuK-GDGR9,system_design
ORC0LSkGEW,system_optimization
_I9e6zNzhg,system_integration_testing
boekWNT76Z,system_monitoring_tools
owiyxZcPoX,system_upgrades_planning
glchu7XZ53,system_maintenance_scheduling
JBr4zbPR4j,bearing
XbrF1PQRqp,cabling
C6mjwipp_1,device
MSE_5v5bOg,defensive_systems
CTcj3Mr4dr,trade
oNbJWVFVTe,drafted
KDLt2h4x3A,chart
wyH9B1_EEN,inaccurate
PCihng7ZGQ,missing
TB2BbYPVOA,recreation
RPHDpx_m9O,obstruction
2Mt9Qpgzne,degradation
1k8PPx2e8o,expansion joint
-qyJXc6nGy,backup_system
o0Is3mVL7s,power_backup
PtTe0FI2PF,data_backup
_qbrui5Nmd,mechanical_backup
F-fmJcipKs,electrical_backup
eSzwUL8J1H,software_backup
oj9-UcQa9Z,thermal_backup
u4t9K8QXen,EOD
X6OydzLXVO,entropy
eXr5oHz3vY,star chart
fHPD0xSi47,incomplete
ccBJUsl6pk,fire hazard
csAXN5ZYRe,corrosive_gas
ZO25FbY9R8,gas_lines
P3BU_OZEyS,gas_filtration
a55SQUP8hV,alien_containment
q9J3Ez7BtN,gas_exposure
YBUVcaRE55,gas_storage
FJGk7anPcI,gas_containment
OdB6tBR8Nr,gas_detection
TN3fMTcOfs,ghosts
UJ2oIQiy6V,poltergeists
zD2LZ5_dvs,mechanics
kKLhIInyLZ,sheath
HAb4EkOvSd,flux
9f95OesK20,sabotage
XllgACaVT-,pool
xuQzTbNAv5,gym
Ko6vrmy4T8,sauna
OqgrW1anzI,bar
c2MgMSmm4t,game_room
X0kcaz5mQa,theater
q1gS9mWrFT,arcade
tSKKyWQIUx,specializations
Sm4oAjg_os,virtual
_SCY5Zb3Sk,recruitment_strategy
cOI48uJK99,medical bay
E9qBcIJ1WC,equipment failure
8m7uMnp35R,equipment malfunction
dVL3xDUKTa,deficiency
wD0HoHBRnP,surplus
7YXeH7RCqb,latency
bL0pA8zvuV,risk
sNUcBO-8bA,radiation_dosage
yX6iOPJnjR,radiation_protection
TzACGSgoeg,radiation_leak
ZPe0v8Pyuu,radiation_monitoring
hrQZxOS-2Z,radiation_safety
4GtHy6bhgB,radiation_contamination
2fpbVcQylr,radiation_shielding_design
wEHADBkZlX,radiation_detection
voG4oYDNz2,radiation_safety_training
S3zf_DVqp7,radiation_containment_system
sCywM4JAHi,combat_readiness
K_H_prHf9F,armor
t5yIbHGmEC,components
PhtaX7UwRu,parts
ZfWjCYZ4Pz,water_reclamation
WKrTgbegQZ,dynamometer
EolvzyrtgM,cryogenics
SQPgUHV0yF,heat-resistant
XjSGvlUbdK,thermal-expansion
_evbuvX8uL,superconductors
apQjZOIqsY,heat-dissipation
_k-5jTmPO2,cooling-system
r7j_mbseuP,phase-transition-materials
xYeY9pmo6u,heat-exchangers
Gf4Y6vi8Bs,phase-transition-simulation
VcHTsj_4oW,GPS
B-VOch-Szm,star charts
YO6IGmFjvD,hull reinforcement
tKRQfVJMuq,backup power
wyxLsf48rL,satellite
NKX7w-SruR,oxygen regeneration
gYYDvIO113,waterproofing
toj5ae2Axw,gravity_waves
hWIrSGMZqc,vendor
XV6wFkxPuv,delivery
CywrK2Qiv3,living quarters
3jwtsCsK_U,galley
0N50dmnc5u,overheat
LT8MCmbQNM,main_server_rack
XcaI36YQ7t,particle_detector
ddcNonYF7P,theory
OydLZb_oXa,jammer
NEUEN-zjOC,pantry
Up2LUcS9uP,breakroom
Zk8JrDwQCt,quality assurance
sB7j2O3LeS,skills
w93lcPTyfd,purchasing
Fk06pSyj7y,development
ni3HnT3REo,production scheduling
9odk8z2W8P,meteoroids
ODJy7L3jL6,electromagnetism
aivF6_noXj,electromagnetic_interference
JYw3YfMomk,electrostatic_discharge
-WABr-F_0A,bms
kgphC6VTyl,medical_facilities
ihBBPMmsJ5,medical_training
wARazcRt98,locks
wt82VDPGcY,GUI
BfFVZX7ufA,filesystem
HYOwP3a4qM,navigational_error
0Mmp9Ywi7y,handling
KUNqV152kW,unauthorized_access
Hm5YSiHHH7,transportation
EgLMVKe2UA,life sciences
1CMxHTJEdc,power management
xvaNJvEct2,missile_launcher
QBGYfltvJh,circuit breaker
5wCvwTO1BH,sickness
RMixauGfid,kinetic
oq5hEiRH-L,medkit
2Ym4KCeQSm,piracy
3paw_pxI_n,challenge
DDhe845SyQ,Xenon
o0znrxopIA,waste_disposal
ISFe1x5vA1,zero_gravity
T-AmhCyzrU,waste_containment
mHNPJHGWTd,waste_processing
-TqcZZ8tHr,waste_recycling
NeTWve-wwD,waste_storage
g2PEEoxjED,waste_filtration
cH4au-SWlj,waste_heat_exchange
KB98jITsgh,waste_pressure
UWkvU2gWhr,waste_pump
0n9dlgEHoU,waste_valve
dFPv1aQQJB,waste_sensor
y7ztXkZWcq,turnover
HdZgveYQyv,compensation
3X9_d8ixl8,benefits
acwNoGzi2S,work-life balance
vSlPDojFTF,training programs
nqtBc4Cg7-,cyber-attack
DBLkwo3Yte,router
W_cUZaHBy_,intrusion_detection
2jdw5fm06r,gravitational sensors
swNZzdKgMp,low-energy
AYsUYDxyvH,deformation
Ybqlbbyv5j,particulates
KGKxm9qO6C,fans
7tSfriVfRW,freeze up
rICBcIW6HS,catering
Ivj2WkUHQA,spareparts
b5mmFLprOi,laser sensor
BMqbdWY1x2,medicine
R1SiDBynlU,rations
mRN7cXpslb,reservoir
VqsHUboafl,clamp
OWlIooLlno,clothing
OJC80Zvf5X,hand_sanitizer
3FrYM3AY-M,recognition
nb7sxH-euM,mental health
ESq1HZOUGX,diversity
YAAFc37GW0,passengers
JznnUiYOyX,team management
3wgn-MlfGc,motivation
IBr-bCxr7M,delegation
TQHKaeL7lb,performance improvement
kKwzo1Kwuo,ship_structure
r-u9fvgPKU,accelerometers
MvZjQmNsjt,pressure sensors
0RGowiBzn1,magnetometers
BFrcH0dZYp,infrared sensors
QRDxzIWWPD,gravity sensors
ZvV4Od0c9C,ultraviolet sensors
pfUKRXUNoa,visual sensors
7PFIfWEZHm,spectrometers
joZ1gdBKBG,lidar
WKu4gsXSF7,acoustic sensors
t2s28D7Zy2,magnetic field sensors
xAyeMb62lx,gravity wave sensors
SovlmoDZA3,neutron sensors
Co1gMMz34Q,climbing_gear
KFWhKvyE9_,rope
fhdtiudeH0,harness
IyyphXxkXN,carabiner
NXFMuhCaaa,janitorial
1DB9-fkU5v,maintainance
hF18F6UTE9,entertainment system
biJabNdzqH,user experience
W830FVjBeS,connectivity
R4BxzsBJiz,dark
Ce_PeSyvEu,thermal_regulator
oumw3nei-b,robotics
XlsMMGL6cr,tool
Nb4SdQEq_B,electronic_warfare
SKk7FmN5_K,oxygen_scarcity
rSLUSBNywu,resource_management
jiaKYHR48J,dehydration
XBSddkXBqW,crew_health
etH79YKk51,mobility
mdclNTZ5dd,railgun
PWOkBX6rCr,tiles
MLsh25GWsU,collapsed vacuum
JwDO_Uycqm,fluid dynamics
9IqkwHnloN,vacuum technology
KzdJgrjziz,fluid contamination
gmuPZCIAdA,vacuum seals
Uf3dEP2jWI,vacuum pumps
n2zJgqHoU5,vacuum lines
lsw4fDH1Nl,vacuum valves
Xk3JZcoqyK,vacuum insulation
iq2XOYgVsr,vacuum filters
sE7XDpbbAI,vacuum leaks
ij71uMmTMi,avionics
cLTlmMW_9I,moisture
_rd0kScQen,ejection
b2T5zBX-PC,Epstein_Drive
mHbUT9PVj2,vessel
lWXL407wWY,system_upgrade
HGz4u6Fwk1,system_integrity
heRhbkDq9J,system_repair
vfKlpDRl2S,system_security
_H79jnzxBj,short_circuit
uIOyPZaJfb,quantum_gate
NTHy8roLHt,quantum_entanglement
9DawiTab6d,quantum_algorithm
IDMnZLON-g,quantum_cooling
627n6JG6wJ,quantum_memory
l8lkpuvo27,quantum_error_correction
dQmmS5Disl,quantum_simulation
ajUWYT-j_k,quantum_interference
9dVULRvbHO,quantum_teleportation
_lkuRP8-rc,quantum_decoherence
zuvAOyWLLD,quantum_entanglement_swapping
qyVyS2fSw0,quantum_error_mitigation
ZYIuNyUMpV,quantum_annealing
NYTbLTVwMK,cable
VjKWBsPCwY,instrument_panel
7LBhfeHQ53,lifeforms
L9Ww7N4Q96,food_prep
98YvM1AMZ5,emergency_response_unit
xiDPBM2QKq,software_glitch
sBaInKcsPg,communication_issue
MjMGrls274,calibration_issue
PUX9h81zmz,mechanical_failure
whEzCDoc8p,electrical_issue
jDlzNEy0Gl,sensor_drift
udDycDGJ_m,software_error
7lFaG8QJl3,toxic_fumes
zU2JeW12Yw,discomfort
tAkj-zgLKE,cramped_spaces
qGV1YqOMbL,cramped_quarter
1xuZSbtbfq,living_quarters
DqUJh9BKoF,navigations
cZjr4F1kmC,skin
DJkeEc46zx,patch
cCjNtgUh7X,tooling
fNtQqI1_Nt,landing
oe71miyN4M,biological
kSPt0cbeD6,optical
H2APyRVZjm,gravitic
LoUHfqB9dG,particulate
nxifIR4IDv,interdimensional
i7f4WkLw_P,magnetic shielding
PZwcLBURFs,data processing
cWQzju4P2i,protomolecule chamber
oqizG0Mv5b,magnetic fields
k_nM-066bL,protomolecule properties
tcfCXRc4Hc,magnetic field generators
N19EEvSoVB,magnetic sensors
i3fJl_g9Sr,protomolecule behavior
dnI9KuyTmM,smoke_detector
uhLIQhnHBs,deflection
vIh8meiwNg,reduction
0HOTE2GjWB,diversion
1RnoKsQMaQ,embargo
HIaQQ2VF-i,port
sl3vHeF_2p,military
gJ9XEtt-kR,mining
7fI1yBerVM,incompatibility
p7BAnvC-F8,code_correction
lDTug9IEpQ,hardware_issue
gbIoQIUUmP,firmware_update
IUxA0ipe5T,configuration_error
LnUkSh03--,hardware_repair
ejI5wBe-JU,firmware_correction
eVkKrPrytZ,retreat
z1dw230k1H,defective_parts
80-cs2OBlc,verification
gRx7DCvTrY,emission
NXmTH6SPcG,human_interest
3P6f71rsJm,faulty_display
mjCNhad9Lp,installation
Mi3iHiDW3N,difference
ESVcRDVyxZ,etiquette
hSAFGdTEUe,holidays
RtDKQVL3fO,religion
FY3joE7xxf,family
RxQiHufjG4,music
ykVi6yUqSi,sports
EpiW_u35VD,art
9C0bjiRrSU,literature
jL8acbEwqk,animal_welfare
YmALNqszzK,clinical_trials
ivUEg6XrEe,informed_consent
j7jEy0vbda,onboard_computers
O4vn--TvnP,data_handling
xx84nt6xaI,sensor_repair
rDx7S8j4i4,software_customization
o5wmtleRyz,system_backup
b1lJl-phX5,course_deviation
q8YIPH0KDi,course_correction
3zaUzBFDQb,power_issue
_seU_YcjzD,user_training
5O4LEXGQEw,hardware_upgrade
0cveWITMab,cloning
_fmO4AeTsp,artificial intelligence
3AKXTKCCs5,genetic modification
x9seYpyEC0,medical experimentation
7BT-zVCk5p,animal welfare
f5wmhMWkhx,euthanasia
qy9cMfuWEg,informed consent
CEqgDWsud8,human experimentation
h7G3tdruUw,data security
cPgeZOHzZr,environmental impact
Bj42tKwgIw,military applications
dOUVdujb8P,artificial limbs
Xu4I8AjNY7,genetic enhancement
a8a_cFCKFq,cybernetics
I2oKU2VAi6,astrogation
SXNmPQgUqk,material
wJpuM4gSlI,innovation
f5EJsYCZe3,logs
6K_a0xFhWu,high-priority
txVOq1pJYR,low-priority
0E-WtIMwnz,scatter
cQXRjPVyIP,blast door
whuk-AMqfL,weapon bay
crNVnNv7kG,missiles
8ZHdXTctc5,gyro
j6AFs8knwU,Zircaloy
oi5ULbMJwY,high-energy
fhomLgTlrF,utilities
YchRCJFWoi,inflatable
SA026vWdcw,atmospheric
P9Wop48vp7,decision-making
AeeGkQLCbW,growth
p5hfBByrRq,interoperability
0o2JToA_5U,water_damage
Rk7uaRHUpG,engine mount
hpYOyWfPqO,navigation system
JY0_GdtoUh,thruster armature
nGTRYdDPrs,autopilot algorithm
Zfc2wc7EqG,engine coupling
ufkICre4Ik,power inverter
hLrSJ5CtBk,line_of_sight
EMgUP4EqKn,transmission
9w8t_sR0AA,attachment
90SvjReRte,fluid_coupling
r0_8ekei5H,mission
57BxlNsv9V,resources
oxTQoxZo-h,contingencies
BYnO8mE2gU,explosion
_0vE8NhCGs,explosive_gases
VaXLLaYIsO,ship_engineering
C2ajA8s5zi,explosive_materials
rsLer8wr2x,magnetic field
FD6qXuLlMJ,duplication
uPAR6O-STZ,formatting
89d90_uZDN,validation
SoBtplqG0w,cabin_atmosphere
vZRt0JuMvM,machining
VWNjLYTAUG,turbine
KkLKG0g76p,preventive
gp2raER40S,communication array
9zsKCDphiM,power surge
1qwMpdpz0R,software glitch
M2FPW9fJ-0,mechanical failure
BHj-ohFIt0,power drain
fhG23zUBYr,signal loss
iCOZPWEWKU,temperature fluctuation
rGooG5kIKD,heating element
nApKn3nDUR,surge protector
pt_I7ZaY5-,visual
ViC9PEpvwt,dispute
tHlxtdxNrY,geometry
fGv_qgdtL7,containers
AQqVnLK5VP,landing_gear
wQe2G4cgQH,inverters
n2av85UZq2,generators
hQvb-5gE5k,dissatisfaction
6mR0ZADV-m,equipment_access
8MUj48EDFy,work_schedule
TX2twY2QNY,drains
aVEA3AqFkV,compressors
cffC2I5QS0,environmental_controls
w6pmeGk7Hg,allergies
hKgqkUcASz,routes
vUPnR46r0D,signals
njO8Bw4tvk,malfunctions
LxiBIwuAaT,toxins
nQ00yOO92Q,cover
JAXc28u5F1,firing_system
ZnqXXKj_s1,conflict-resolution
lRVs87BIcU,polymer
c-vmm6a1ka,process
ig3bK2BUTK,false_reading
AKO22sEXPX,medical_database
FjuG-AE-e2,medical_data
V3o7yML2w0,medical_software
6VcvaGfGIn,medical_systems
E5h34ygPcI,paint job
EwE0K3aoRw,infection
49eLV3qAMl,contagion
qqNxu-kkhK,wound
f3KDchyyvj,methodology
Be2oBRgkRB,empowerment
_KwlVYYtZU,confined_spaces
9D-YNgz4Qx,reactive_materials
J2LtabPben,quantum physics
K7crI6WmvL,nanotechnology
pKbEWq77O-,material science
VJ_hW0ZxhN,rescue_beacon
0GtCqh6ojB,weapons safe
3ToOneXp2Q,arm switch
dsCn14hJz8,crew_leadership
04_120WFc4,malfunctioning_firewalls
wD3QV0r4Ns,temperature_issue
mvQkDu5BXm,network_issue
sQMqHXfgDl,air quality
NexagG3sNY,compromise
w_R5lAXljW,battle
VhDNhtcu8V,decision making
vHt9-6EIZG,compromised_hull
-WqRA1cKuS,control systems
vKobTfIIh5,decoy_launcher
Q9khhIPXJ4,nightvision
MGxZkrv4Fu,shutdown
-SXXDB_EfN,uncertainty
np7GlKpVSy,receiver
hMIep_U-3_,mismanagement
IotJw65_vw,travel
Ns_L5G8rrj,consumption
RR3hGYsGij,em-effects
Ret2slbcnC,extreme temperatures
sM6VmZSAGy,extreme pressures
0fNr07k036,micrometeorites
70eUAIf00d,extreme vacuum
IBU32duYX9,packaging
UlEqO6w2S1,maneuvers
8Uv-Fzjc9Q,resupply
vpEUDuWdaT,absenteeism
1owz8NuRXw,AI
1mtXW22VJE,routing
3OBfoDDGOg,amplifier
h7HxN7SDm0,deception
CHYe280wkK,electrolysis
KQcMAPs5xA,settings
neytpwZPZ4,patient_abandonment
kQa6Exdtoe,non-essential
stq0U2cjUJ,refrigeration
eZtqa3k8ll,impurities
nmzTs6bMcp,depletion
6bVEBH6Uov,fuel_cells
mLfqP-K4I8,power_grid
2ZpgFzizi3,expansion
mjJz4ic7X9,first aid kit
RLNktNMaI-,historical_data
loBRpS7hEb,capacity
NBvfpiV0MN,suspension
eQBMygrlQT,adaptation
W6sPNUbRH8,sensor_array
63las66WjD,geomagnetic
_WgBlceCdW,alien_interference
gb5A3s1vTE,hinges
uJJXDa1P53,sliders
srYyvFiIpU,blackout
ADAC_V31o6,gas_line
O2AnhM-BaM,cosmic_dust
kM-Rfc59a1,freeze
xeJmR3Apd9,entertainment
TM4VjRX_EO,energy-efficiency
kB937QIJHD,stowaway
4Uo68zE_RH,electricity
VjNOVFf4yd,external equipment
GXT4vy6-YG,adhesives
fPhxlmdRbD,sealants
0KTMtlWahS,O'Farrell drive
ht8MGh6C3_,crew_quarter
e7nxRdZa4W,fire_safety
T9ZiwvQhMf,medical_staffing
RNs8feB0NU,medical_research
rn_6TlpvlC,medical_ethics
ML_ECiDA_X,medical_telemedicine
QF-Erf81a9,medical_education
lajK2oS288,medical_innovation
tSaPZAUIi0,medical_mental_health
dE2ywJHUJI,first_aid
Ks_YLTcEAB,oncology
gczsiDdy3O,immunology
owTTFCmDWv,orthopedics
T1PduVAiVx,rheumatology
5ueAYVzeCX,nephrology
zJ__JBvfy1,endocrinology
_RX8xiVd4S,hematology
RRCzbNk9Qf,otolaryngology
vE7WRwqib7,dermatology
x8XV5-AGvK,vapor
vgJ8iubGbM,gamma rays
uhE3xSAV8j,neutrinos
SwJ1zA2BjO,X-rays
Dl6KyJhqbz,beta particles
grK-bmFGBd,alpha particles
hC8jMUbqRX,muons
Asjdxejn7M,positrons
WeOWov-0Xp,electrons
RVfbC2o0Dq,neutrons
GRJqBD5IJ-,protons
VuZk4WlL20,gamma-rays
ka8gAuw7wz,tidal_forces
9-P_5yZyS3,pressure drop
5s7tFOsYOY,converters
UuHyshaH19,transformers
yBCN9zCoy7,capacitors
Zs3MqsgkY3,diodes
WwPkEE_Rns,rectifiers
-C1whxYJWV,capacitor_bank
thuOfIpE7S,electric_fields
O0lumSYS1e,containment_system
sN5UII-Tsf,electrical_system
iWZDJEbia1,counterintelligence
UoKVMTw3Xq,housing
S3hJGt_Kej,belts
aueVll5Cwv,high_energy_particles
golph32RGQ,neutrino_detector
DcfFR0xLyH,coil
elzHXEVEXA,fusion
IxtOR_Phd6,enemy_capabilities
NXeZgKJ7rU,insurance
